DATAFLOW,LAST UPDATE,freq,currency,prod_veg,geo,TIME_PERIOD,OBS_VALUE,OBS_FLAG,CONF_STATUS
ESTAT:APRI_AP_CRPOUTA$DEFAULTVIEW(1.0),15/05/25 11:00:00,Annual,Euro,Soft wheat - prices per 100 kg,Austria,2015,13.72,,
ESTAT:APRI_AP_CRPOUTA$DEFAULTVIEW(1.0),15/05/25 11:00:00,Annual,Euro,Soft wheat - prices per 100 kg,Austria,2016,11.55,,
ESTAT:APRI_AP_CRPOUTA$DEFAULTVIEW(1.0),15/05/25 11:00:00,Annual,Euro,Soft wheat - prices per 100 kg,Austria,2017,14.46,,
ESTAT:APRI_AP_CRPOUTA$DEFAULTVIEW(1.0),15/05/25 11:00:00,Annual,Euro,Soft wheat - prices per 100 kg,Austria,2018,15.41,,
ESTAT:APRI_AP_CRPOUTA$DEFAULTVIEW(1.0),15/05/25 11:00:00,Annual,Euro,Soft wheat - prices per 100 kg,Austria,2019,14.63,,
ESTAT:APRI_AP_CRPOUTA$DEFAULTVIEW(1.0),15/05/25 11:00:00,Annual,Euro,Soft wheat - prices per 100 kg,Austria,2020,14.88,,
ESTAT:APRI_AP_CRPOUTA$DEFAULTVIEW(1.0),15/05/25 11:00:00,Annual,Euro,Soft wheat - prices per 100 kg,Austria,2021,22.65,,
ESTAT:APRI_AP_CRPOUTA$DEFAULTVIEW(1.0),15/05/25 11:00:00,Annual,Euro,Soft wheat - prices per 100 kg,Austria,2022,28.05,,
ESTAT:APRI_AP_CRPOUTA$DEFAULTVIEW(1.0),15/05/25 11:00:00,Annual,Euro,Soft wheat - prices per 100 kg,Austria,2023,17.90,,
ESTAT:APRI_AP_CRPOUTA$DEFAULTVIEW(1.0),15/05/25 11:00:00,Annual,Euro,Soft wheat - prices per 100 kg,Austria,2024,17.60,p,
ESTAT:APRI_AP_CRPOUTA$DEFAULTVIEW(1.0),15/05/25 11:00:00,Annual,Euro,Soft wheat - prices per 100 kg,Belgium,2015,15.44,,
ESTAT:APRI_AP_CRPOUTA$DEFAULTVIEW(1.0),15/05/25 11:00:00,Annual,Euro,Soft wheat - prices per 100 kg,Belgium,2016,13.34,,
ESTAT:APRI_AP_CRPOUTA$DEFAULTVIEW(1.0),15/05/25 11:00:00,Annual,Euro,Soft wheat - prices per 100 kg,Belgium,2017,14.14,,
ESTAT:APRI_AP_CRPOUTA$DEFAULTVIEW(1.0),15/05/25 11:00:00,Annual,Euro,Soft wheat - prices per 100 kg,Belgium,2018,16.66,,
ESTAT:APRI_AP_CRPOUTA$DEFAULTVIEW(1.0),15/05/25 11:00:00,Annual,Euro,Soft wheat - prices per 100 kg,Belgium,2019,15.59,,
ESTAT:APRI_AP_CRPOUTA$DEFAULTVIEW(1.0),15/05/25 11:00:00,Annual,Euro,Soft wheat - prices per 100 kg,Belgium,2020,17.45,,
ESTAT:APRI_AP_CRPOUTA$DEFAULTVIEW(1.0),15/05/25 11:00:00,Annual,Euro,Soft wheat - prices per 100 kg,Belgium,2021,23.30,,
ESTAT:APRI_AP_CRPOUTA$DEFAULTVIEW(1.0),15/05/25 11:00:00,Annual,Euro,Soft wheat - prices per 100 kg,Belgium,2022,32.11,,
ESTAT:APRI_AP_CRPOUTA$DEFAULTVIEW(1.0),15/05/25 11:00:00,Annual,Euro,Soft wheat - prices per 100 kg,Belgium,2023,21.05,,
ESTAT:APRI_AP_CRPOUTA$DEFAULTVIEW(1.0),15/05/25 11:00:00,Annual,Euro,Soft wheat - prices per 100 kg,Belgium,2024,18.13,,
ESTAT:APRI_AP_CRPOUTA$DEFAULTVIEW(1.0),15/05/25 11:00:00,Annual,Euro,Soft wheat - prices per 100 kg,Bulgaria,2015,15.59,,
ESTAT:APRI_AP_CRPOUTA$DEFAULTVIEW(1.0),15/05/25 11:00:00,Annual,Euro,Soft wheat - prices per 100 kg,Bulgaria,2016,14.06,,
ESTAT:APRI_AP_CRPOUTA$DEFAULTVIEW(1.0),15/05/25 11:00:00,Annual,Euro,Soft wheat - prices per 100 kg,Bulgaria,2017,15.47,,
ESTAT:APRI_AP_CRPOUTA$DEFAULTVIEW(1.0),15/05/25 11:00:00,Annual,Euro,Soft wheat - prices per 100 kg,Bulgaria,2018,15.40,,
ESTAT:APRI_AP_CRPOUTA$DEFAULTVIEW(1.0),15/05/25 11:00:00,Annual,Euro,Soft wheat - prices per 100 kg,Bulgaria,2019,15.21,,
ESTAT:APRI_AP_CRPOUTA$DEFAULTVIEW(1.0),15/05/25 11:00:00,Annual,Euro,Soft wheat - prices per 100 kg,Bulgaria,2020,16.76,,
ESTAT:APRI_AP_CRPOUTA$DEFAULTVIEW(1.0),15/05/25 11:00:00,Annual,Euro,Soft wheat - prices per 100 kg,Bulgaria,2021,20.45,,
ESTAT:APRI_AP_CRPOUTA$DEFAULTVIEW(1.0),15/05/25 11:00:00,Annual,Euro,Soft wheat - prices per 100 kg,Bulgaria,2022,31.08,,
ESTAT:APRI_AP_CRPOUTA$DEFAULTVIEW(1.0),15/05/25 11:00:00,Annual,Euro,Soft wheat - prices per 100 kg,Bulgaria,2023,21.23,,
ESTAT:APRI_AP_CRPOUTA$DEFAULTVIEW(1.0),15/05/25 11:00:00,Annual,Euro,Soft wheat - prices per 100 kg,Bulgaria,2024,18.51,,
ESTAT:APRI_AP_CRPOUTA$DEFAULTVIEW(1.0),15/05/25 11:00:00,Annual,Euro,Soft wheat - prices per 100 kg,Cyprus,2020,19.66,,
ESTAT:APRI_AP_CRPOUTA$DEFAULTVIEW(1.0),15/05/25 11:00:00,Annual,Euro,Soft wheat - prices per 100 kg,Cyprus,2021,23.79,,
ESTAT:APRI_AP_CRPOUTA$DEFAULTVIEW(1.0),15/05/25 11:00:00,Annual,Euro,Soft wheat - prices per 100 kg,Cyprus,2022,38.52,,
ESTAT:APRI_AP_CRPOUTA$DEFAULTVIEW(1.0),15/05/25 11:00:00,Annual,Euro,Soft wheat - prices per 100 kg,Cyprus,2023,25.37,,
ESTAT:APRI_AP_CRPOUTA$DEFAULTVIEW(1.0),15/05/25 11:00:00,Annual,Euro,Soft wheat - prices per 100 kg,Cyprus,2024,23.46,,
ESTAT:APRI_AP_CRPOUTA$DEFAULTVIEW(1.0),15/05/25 11:00:00,Annual,Euro,Soft wheat - prices per 100 kg,Czechia,2015,15.84,,
ESTAT:APRI_AP_CRPOUTA$DEFAULTVIEW(1.0),15/05/25 11:00:00,Annual,Euro,Soft wheat - prices per 100 kg,Czechia,2016,13.69,,
ESTAT:APRI_AP_CRPOUTA$DEFAULTVIEW(1.0),15/05/25 11:00:00,Annual,Euro,Soft wheat - prices per 100 kg,Czechia,2017,14.51,,
ESTAT:APRI_AP_CRPOUTA$DEFAULTVIEW(1.0),15/05/25 11:00:00,Annual,Euro,Soft wheat - prices per 100 kg,Czechia,2018,15.99,,
ESTAT:APRI_AP_CRPOUTA$DEFAULTVIEW(1.0),15/05/25 11:00:00,Annual,Euro,Soft wheat - prices per 100 kg,Czechia,2019,16.95,,
ESTAT:APRI_AP_CRPOUTA$DEFAULTVIEW(1.0),15/05/25 11:00:00,Annual,Euro,Soft wheat - prices per 100 kg,Czechia,2020,15.76,,
ESTAT:APRI_AP_CRPOUTA$DEFAULTVIEW(1.0),15/05/25 11:00:00,Annual,Euro,Soft wheat - prices per 100 kg,Czechia,2021,19.58,,
ESTAT:APRI_AP_CRPOUTA$DEFAULTVIEW(1.0),15/05/25 11:00:00,Annual,Euro,Soft wheat - prices per 100 kg,Czechia,2022,30.98,,
ESTAT:APRI_AP_CRPOUTA$DEFAULTVIEW(1.0),15/05/25 11:00:00,Annual,Euro,Soft wheat - prices per 100 kg,Czechia,2023,24.29,,
ESTAT:APRI_AP_CRPOUTA$DEFAULTVIEW(1.0),15/05/25 11:00:00,Annual,Euro,Soft wheat - prices per 100 kg,Czechia,2024,18.99,,
ESTAT:APRI_AP_CRPOUTA$DEFAULTVIEW(1.0),15/05/25 11:00:00,Annual,Euro,Soft wheat - prices per 100 kg,Germany,2015,16.15,,
ESTAT:APRI_AP_CRPOUTA$DEFAULTVIEW(1.0),15/05/25 11:00:00,Annual,Euro,Soft wheat - prices per 100 kg,Germany,2016,14.05,,
ESTAT:APRI_AP_CRPOUTA$DEFAULTVIEW(1.0),15/05/25 11:00:00,Annual,Euro,Soft wheat - prices per 100 kg,Germany,2017,15.13,,
ESTAT:APRI_AP_CRPOUTA$DEFAULTVIEW(1.0),15/05/25 11:00:00,Annual,Euro,Soft wheat - prices per 100 kg,Germany,2018,16.84,,
ESTAT:APRI_AP_CRPOUTA$DEFAULTVIEW(1.0),15/05/25 11:00:00,Annual,Euro,Soft wheat - prices per 100 kg,Germany,2019,16.69,,
ESTAT:APRI_AP_CRPOUTA$DEFAULTVIEW(1.0),15/05/25 11:00:00,Annual,Euro,Soft wheat - prices per 100 kg,Germany,2020,17.21,,
ESTAT:APRI_AP_CRPOUTA$DEFAULTVIEW(1.0),15/05/25 11:00:00,Annual,Euro,Soft wheat - prices per 100 kg,Germany,2021,21.96,,
ESTAT:APRI_AP_CRPOUTA$DEFAULTVIEW(1.0),15/05/25 11:00:00,Annual,Euro,Soft wheat - prices per 100 kg,Germany,2022,32.10,,
ESTAT:APRI_AP_CRPOUTA$DEFAULTVIEW(1.0),15/05/25 11:00:00,Annual,Euro,Soft wheat - prices per 100 kg,Germany,2023,25.64,,
ESTAT:APRI_AP_CRPOUTA$DEFAULTVIEW(1.0),15/05/25 11:00:00,Annual,Euro,Soft wheat - prices per 100 kg,Germany,2024,23.97,,
ESTAT:APRI_AP_CRPOUTA$DEFAULTVIEW(1.0),15/05/25 11:00:00,Annual,Euro,Soft wheat - prices per 100 kg,Denmark,2015,15.50,,
ESTAT:APRI_AP_CRPOUTA$DEFAULTVIEW(1.0),15/05/25 11:00:00,Annual,Euro,Soft wheat - prices per 100 kg,Denmark,2016,14.10,,
ESTAT:APRI_AP_CRPOUTA$DEFAULTVIEW(1.0),15/05/25 11:00:00,Annual,Euro,Soft wheat - prices per 100 kg,Denmark,2017,14.97,,
ESTAT:APRI_AP_CRPOUTA$DEFAULTVIEW(1.0),15/05/25 11:00:00,Annual,Euro,Soft wheat - prices per 100 kg,Denmark,2018,16.85,,
ESTAT:APRI_AP_CRPOUTA$DEFAULTVIEW(1.0),15/05/25 11:00:00,Annual,Euro,Soft wheat - prices per 100 kg,Denmark,2019,17.97,,
ESTAT:APRI_AP_CRPOUTA$DEFAULTVIEW(1.0),15/05/25 11:00:00,Annual,Euro,Soft wheat - prices per 100 kg,Denmark,2020,16.64,,
ESTAT:APRI_AP_CRPOUTA$DEFAULTVIEW(1.0),15/05/25 11:00:00,Annual,Euro,Soft wheat - prices per 100 kg,Denmark,2021,19.48,,
ESTAT:APRI_AP_CRPOUTA$DEFAULTVIEW(1.0),15/05/25 11:00:00,Annual,Euro,Soft wheat - prices per 100 kg,Denmark,2022,27.37,,
ESTAT:APRI_AP_CRPOUTA$DEFAULTVIEW(1.0),15/05/25 11:00:00,Annual,Euro,Soft wheat - prices per 100 kg,Denmark,2023,25.17,,
ESTAT:APRI_AP_CRPOUTA$DEFAULTVIEW(1.0),15/05/25 11:00:00,Annual,Euro,Soft wheat - prices per 100 kg,Denmark,2024,21.24,,
ESTAT:APRI_AP_CRPOUTA$DEFAULTVIEW(1.0),15/05/25 11:00:00,Annual,Euro,Soft wheat - prices per 100 kg,Estonia,2015,15.97,,
ESTAT:APRI_AP_CRPOUTA$DEFAULTVIEW(1.0),15/05/25 11:00:00,Annual,Euro,Soft wheat - prices per 100 kg,Estonia,2016,14.64,,
ESTAT:APRI_AP_CRPOUTA$DEFAULTVIEW(1.0),15/05/25 11:00:00,Annual,Euro,Soft wheat - prices per 100 kg,Estonia,2017,15.50,,
ESTAT:APRI_AP_CRPOUTA$DEFAULTVIEW(1.0),15/05/25 11:00:00,Annual,Euro,Soft wheat - prices per 100 kg,Estonia,2018,16.41,,
ESTAT:APRI_AP_CRPOUTA$DEFAULTVIEW(1.0),15/05/25 11:00:00,Annual,Euro,Soft wheat - prices per 100 kg,Estonia,2019,16.79,,
ESTAT:APRI_AP_CRPOUTA$DEFAULTVIEW(1.0),15/05/25 11:00:00,Annual,Euro,Soft wheat - prices per 100 kg,Estonia,2020,16.78,,
ESTAT:APRI_AP_CRPOUTA$DEFAULTVIEW(1.0),15/05/25 11:00:00,Annual,Euro,Soft wheat - prices per 100 kg,Estonia,2021,21.10,,
ESTAT:APRI_AP_CRPOUTA$DEFAULTVIEW(1.0),15/05/25 11:00:00,Annual,Euro,Soft wheat - prices per 100 kg,Estonia,2022,32.02,,
ESTAT:APRI_AP_CRPOUTA$DEFAULTVIEW(1.0),15/05/25 11:00:00,Annual,Euro,Soft wheat - prices per 100 kg,Estonia,2023,23.80,,
ESTAT:APRI_AP_CRPOUTA$DEFAULTVIEW(1.0),15/05/25 11:00:00,Annual,Euro,Soft wheat - prices per 100 kg,Estonia,2024,20.85,,
ESTAT:APRI_AP_CRPOUTA$DEFAULTVIEW(1.0),15/05/25 11:00:00,Annual,Euro,Soft wheat - prices per 100 kg,Greece,2015,19.40,,
ESTAT:APRI_AP_CRPOUTA$DEFAULTVIEW(1.0),15/05/25 11:00:00,Annual,Euro,Soft wheat - prices per 100 kg,Greece,2016,18.52,,
ESTAT:APRI_AP_CRPOUTA$DEFAULTVIEW(1.0),15/05/25 11:00:00,Annual,Euro,Soft wheat - prices per 100 kg,Greece,2017,18.84,,
ESTAT:APRI_AP_CRPOUTA$DEFAULTVIEW(1.0),15/05/25 11:00:00,Annual,Euro,Soft wheat - prices per 100 kg,Greece,2018,18.45,,
ESTAT:APRI_AP_CRPOUTA$DEFAULTVIEW(1.0),15/05/25 11:00:00,Annual,Euro,Soft wheat - prices per 100 kg,Greece,2019,19.08,,
ESTAT:APRI_AP_CRPOUTA$DEFAULTVIEW(1.0),15/05/25 11:00:00,Annual,Euro,Soft wheat - prices per 100 kg,Greece,2020,19.77,,
ESTAT:APRI_AP_CRPOUTA$DEFAULTVIEW(1.0),15/05/25 11:00:00,Annual,Euro,Soft wheat - prices per 100 kg,Greece,2021,23.27,,
ESTAT:APRI_AP_CRPOUTA$DEFAULTVIEW(1.0),15/05/25 11:00:00,Annual,Euro,Soft wheat - prices per 100 kg,Greece,2022,38.30,,
ESTAT:APRI_AP_CRPOUTA$DEFAULTVIEW(1.0),15/05/25 11:00:00,Annual,Euro,Soft wheat - prices per 100 kg,Greece,2023,25.88,,
ESTAT:APRI_AP_CRPOUTA$DEFAULTVIEW(1.0),15/05/25 11:00:00,Annual,Euro,Soft wheat - prices per 100 kg,Greece,2024,23.14,,
ESTAT:APRI_AP_CRPOUTA$DEFAULTVIEW(1.0),15/05/25 11:00:00,Annual,Euro,Soft wheat - prices per 100 kg,Spain,2015,18.12,,
ESTAT:APRI_AP_CRPOUTA$DEFAULTVIEW(1.0),15/05/25 11:00:00,Annual,Euro,Soft wheat - prices per 100 kg,Spain,2016,15.73,,
ESTAT:APRI_AP_CRPOUTA$DEFAULTVIEW(1.0),15/05/25 11:00:00,Annual,Euro,Soft wheat - prices per 100 kg,Spain,2017,17.64,,
ESTAT:APRI_AP_CRPOUTA$DEFAULTVIEW(1.0),15/05/25 11:00:00,Annual,Euro,Soft wheat - prices per 100 kg,Spain,2018,18.29,,
ESTAT:APRI_AP_CRPOUTA$DEFAULTVIEW(1.0),15/05/25 11:00:00,Annual,Euro,Soft wheat - prices per 100 kg,Spain,2019,18.66,,
ESTAT:APRI_AP_CRPOUTA$DEFAULTVIEW(1.0),15/05/25 11:00:00,Annual,Euro,Soft wheat - prices per 100 kg,Spain,2020,18.57,,
ESTAT:APRI_AP_CRPOUTA$DEFAULTVIEW(1.0),15/05/25 11:00:00,Annual,Euro,Soft wheat - prices per 100 kg,Spain,2021,23.64,,
ESTAT:APRI_AP_CRPOUTA$DEFAULTVIEW(1.0),15/05/25 11:00:00,Annual,Euro,Soft wheat - prices per 100 kg,Spain,2022,34.21,,
ESTAT:APRI_AP_CRPOUTA$DEFAULTVIEW(1.0),15/05/25 11:00:00,Annual,Euro,Soft wheat - prices per 100 kg,Spain,2023,26.14,,
ESTAT:APRI_AP_CRPOUTA$DEFAULTVIEW(1.0),15/05/25 11:00:00,Annual,Euro,Soft wheat - prices per 100 kg,Spain,2024,21.85,,
ESTAT:APRI_AP_CRPOUTA$DEFAULTVIEW(1.0),15/05/25 11:00:00,Annual,Euro,Soft wheat - prices per 100 kg,Finland,2015,16.89,,
ESTAT:APRI_AP_CRPOUTA$DEFAULTVIEW(1.0),15/05/25 11:00:00,Annual,Euro,Soft wheat - prices per 100 kg,Finland,2016,15.14,,
ESTAT:APRI_AP_CRPOUTA$DEFAULTVIEW(1.0),15/05/25 11:00:00,Annual,Euro,Soft wheat - prices per 100 kg,Finland,2017,15.91,,
ESTAT:APRI_AP_CRPOUTA$DEFAULTVIEW(1.0),15/05/25 11:00:00,Annual,Euro,Soft wheat - prices per 100 kg,Finland,2018,19.98,,
ESTAT:APRI_AP_CRPOUTA$DEFAULTVIEW(1.0),15/05/25 11:00:00,Annual,Euro,Soft wheat - prices per 100 kg,Finland,2019,18.40,,
ESTAT:APRI_AP_CRPOUTA$DEFAULTVIEW(1.0),15/05/25 11:00:00,Annual,Euro,Soft wheat - prices per 100 kg,Finland,2020,17.05,,
ESTAT:APRI_AP_CRPOUTA$DEFAULTVIEW(1.0),15/05/25 11:00:00,Annual,Euro,Soft wheat - prices per 100 kg,Finland,2021,21.55,,
ESTAT:APRI_AP_CRPOUTA$DEFAULTVIEW(1.0),15/05/25 11:00:00,Annual,Euro,Soft wheat - prices per 100 kg,Finland,2022,33.62,,
ESTAT:APRI_AP_CRPOUTA$DEFAULTVIEW(1.0),15/05/25 11:00:00,Annual,Euro,Soft wheat - prices per 100 kg,Finland,2023,26.20,,
ESTAT:APRI_AP_CRPOUTA$DEFAULTVIEW(1.0),15/05/25 11:00:00,Annual,Euro,Soft wheat - prices per 100 kg,Finland,2024,22.80,,
ESTAT:APRI_AP_CRPOUTA$DEFAULTVIEW(1.0),15/05/25 11:00:00,Annual,Euro,Soft wheat - prices per 100 kg,France,2015,22.30,,
ESTAT:APRI_AP_CRPOUTA$DEFAULTVIEW(1.0),15/05/25 11:00:00,Annual,Euro,Soft wheat - prices per 100 kg,France,2016,20.10,,
ESTAT:APRI_AP_CRPOUTA$DEFAULTVIEW(1.0),15/05/25 11:00:00,Annual,Euro,Soft wheat - prices per 100 kg,Croatia,2015,15.23,,
ESTAT:APRI_AP_CRPOUTA$DEFAULTVIEW(1.0),15/05/25 11:00:00,Annual,Euro,Soft wheat - prices per 100 kg,Croatia,2016,12.19,,
ESTAT:APRI_AP_CRPOUTA$DEFAULTVIEW(1.0),15/05/25 11:00:00,Annual,Euro,Soft wheat - prices per 100 kg,Croatia,2017,13.89,,
ESTAT:APRI_AP_CRPOUTA$DEFAULTVIEW(1.0),15/05/25 11:00:00,Annual,Euro,Soft wheat - prices per 100 kg,Croatia,2018,14.61,,
ESTAT:APRI_AP_CRPOUTA$DEFAULTVIEW(1.0),15/05/25 11:00:00,Annual,Euro,Soft wheat - prices per 100 kg,Croatia,2019,14.99,,
ESTAT:APRI_AP_CRPOUTA$DEFAULTVIEW(1.0),15/05/25 11:00:00,Annual,Euro,Soft wheat - prices per 100 kg,Croatia,2020,13.94,,
ESTAT:APRI_AP_CRPOUTA$DEFAULTVIEW(1.0),15/05/25 11:00:00,Annual,Euro,Soft wheat - prices per 100 kg,Croatia,2021,18.15,,
ESTAT:APRI_AP_CRPOUTA$DEFAULTVIEW(1.0),15/05/25 11:00:00,Annual,Euro,Soft wheat - prices per 100 kg,Croatia,2022,29.77,,
ESTAT:APRI_AP_CRPOUTA$DEFAULTVIEW(1.0),15/05/25 11:00:00,Annual,Euro,Soft wheat - prices per 100 kg,Croatia,2023,17.86,,
ESTAT:APRI_AP_CRPOUTA$DEFAULTVIEW(1.0),15/05/25 11:00:00,Annual,Euro,Soft wheat - prices per 100 kg,Croatia,2024,17.11,,
ESTAT:APRI_AP_CRPOUTA$DEFAULTVIEW(1.0),15/05/25 11:00:00,Annual,Euro,Soft wheat - prices per 100 kg,Hungary,2015,15.58,,
ESTAT:APRI_AP_CRPOUTA$DEFAULTVIEW(1.0),15/05/25 11:00:00,Annual,Euro,Soft wheat - prices per 100 kg,Hungary,2016,12.77,,
ESTAT:APRI_AP_CRPOUTA$DEFAULTVIEW(1.0),15/05/25 11:00:00,Annual,Euro,Soft wheat - prices per 100 kg,Hungary,2017,14.02,,
ESTAT:APRI_AP_CRPOUTA$DEFAULTVIEW(1.0),15/05/25 11:00:00,Annual,Euro,Soft wheat - prices per 100 kg,Hungary,2018,15.27,,
ESTAT:APRI_AP_CRPOUTA$DEFAULTVIEW(1.0),15/05/25 11:00:00,Annual,Euro,Soft wheat - prices per 100 kg,Hungary,2019,15.47,,
ESTAT:APRI_AP_CRPOUTA$DEFAULTVIEW(1.0),15/05/25 11:00:00,Annual,Euro,Soft wheat - prices per 100 kg,Hungary,2020,15.35,,
ESTAT:APRI_AP_CRPOUTA$DEFAULTVIEW(1.0),15/05/25 11:00:00,Annual,Euro,Soft wheat - prices per 100 kg,Hungary,2021,19.99,,
ESTAT:APRI_AP_CRPOUTA$DEFAULTVIEW(1.0),15/05/25 11:00:00,Annual,Euro,Soft wheat - prices per 100 kg,Hungary,2022,32.39,,
ESTAT:APRI_AP_CRPOUTA$DEFAULTVIEW(1.0),15/05/25 11:00:00,Annual,Euro,Soft wheat - prices per 100 kg,Hungary,2023,20.13,,
ESTAT:APRI_AP_CRPOUTA$DEFAULTVIEW(1.0),15/05/25 11:00:00,Annual,Euro,Soft wheat - prices per 100 kg,Hungary,2024,17.83,,
ESTAT:APRI_AP_CRPOUTA$DEFAULTVIEW(1.0),15/05/25 11:00:00,Annual,Euro,Soft wheat - prices per 100 kg,Ireland,2024,21.55,,
ESTAT:APRI_AP_CRPOUTA$DEFAULTVIEW(1.0),15/05/25 11:00:00,Annual,Euro,Soft wheat - prices per 100 kg,Italy,2015,19.47,,
ESTAT:APRI_AP_CRPOUTA$DEFAULTVIEW(1.0),15/05/25 11:00:00,Annual,Euro,Soft wheat - prices per 100 kg,Italy,2016,17.82,,
ESTAT:APRI_AP_CRPOUTA$DEFAULTVIEW(1.0),15/05/25 11:00:00,Annual,Euro,Soft wheat - prices per 100 kg,Italy,2017,18.77,,
ESTAT:APRI_AP_CRPOUTA$DEFAULTVIEW(1.0),15/05/25 11:00:00,Annual,Euro,Soft wheat - prices per 100 kg,Italy,2018,19.82,,
ESTAT:APRI_AP_CRPOUTA$DEFAULTVIEW(1.0),15/05/25 11:00:00,Annual,Euro,Soft wheat - prices per 100 kg,Italy,2019,19.94,,
ESTAT:APRI_AP_CRPOUTA$DEFAULTVIEW(1.0),15/05/25 11:00:00,Annual,Euro,Soft wheat - prices per 100 kg,Italy,2020,19.81,,
ESTAT:APRI_AP_CRPOUTA$DEFAULTVIEW(1.0),15/05/25 11:00:00,Annual,Euro,Soft wheat - prices per 100 kg,Italy,2021,24.92,,
ESTAT:APRI_AP_CRPOUTA$DEFAULTVIEW(1.0),15/05/25 11:00:00,Annual,Euro,Soft wheat - prices per 100 kg,Italy,2022,35.97,,
ESTAT:APRI_AP_CRPOUTA$DEFAULTVIEW(1.0),15/05/25 11:00:00,Annual,Euro,Soft wheat - prices per 100 kg,Italy,2023,26.55,,
ESTAT:APRI_AP_CRPOUTA$DEFAULTVIEW(1.0),15/05/25 11:00:00,Annual,Euro,Soft wheat - prices per 100 kg,Italy,2024,23.93,,
ESTAT:APRI_AP_CRPOUTA$DEFAULTVIEW(1.0),15/05/25 11:00:00,Annual,Euro,Soft wheat - prices per 100 kg,Lithuania,2015,16.22,,
ESTAT:APRI_AP_CRPOUTA$DEFAULTVIEW(1.0),15/05/25 11:00:00,Annual,Euro,Soft wheat - prices per 100 kg,Lithuania,2016,14.50,,
ESTAT:APRI_AP_CRPOUTA$DEFAULTVIEW(1.0),15/05/25 11:00:00,Annual,Euro,Soft wheat - prices per 100 kg,Lithuania,2017,15.49,,
ESTAT:APRI_AP_CRPOUTA$DEFAULTVIEW(1.0),15/05/25 11:00:00,Annual,Euro,Soft wheat - prices per 100 kg,Lithuania,2018,17.16,,
ESTAT:APRI_AP_CRPOUTA$DEFAULTVIEW(1.0),15/05/25 11:00:00,Annual,Euro,Soft wheat - prices per 100 kg,Lithuania,2019,16.25,,
ESTAT:APRI_AP_CRPOUTA$DEFAULTVIEW(1.0),15/05/25 11:00:00,Annual,Euro,Soft wheat - prices per 100 kg,Lithuania,2020,16.73,,
ESTAT:APRI_AP_CRPOUTA$DEFAULTVIEW(1.0),15/05/25 11:00:00,Annual,Euro,Soft wheat - prices per 100 kg,Lithuania,2021,20.16,,
ESTAT:APRI_AP_CRPOUTA$DEFAULTVIEW(1.0),15/05/25 11:00:00,Annual,Euro,Soft wheat - prices per 100 kg,Lithuania,2022,31.74,,
ESTAT:APRI_AP_CRPOUTA$DEFAULTVIEW(1.0),15/05/25 11:00:00,Annual,Euro,Soft wheat - prices per 100 kg,Lithuania,2023,22.97,,
ESTAT:APRI_AP_CRPOUTA$DEFAULTVIEW(1.0),15/05/25 11:00:00,Annual,Euro,Soft wheat - prices per 100 kg,Lithuania,2024,20.03,,
ESTAT:APRI_AP_CRPOUTA$DEFAULTVIEW(1.0),15/05/25 11:00:00,Annual,Euro,Soft wheat - prices per 100 kg,Luxembourg,2015,15.60,,
ESTAT:APRI_AP_CRPOUTA$DEFAULTVIEW(1.0),15/05/25 11:00:00,Annual,Euro,Soft wheat - prices per 100 kg,Luxembourg,2016,14.35,,
ESTAT:APRI_AP_CRPOUTA$DEFAULTVIEW(1.0),15/05/25 11:00:00,Annual,Euro,Soft wheat - prices per 100 kg,Luxembourg,2017,15.00,,
ESTAT:APRI_AP_CRPOUTA$DEFAULTVIEW(1.0),15/05/25 11:00:00,Annual,Euro,Soft wheat - prices per 100 kg,Luxembourg,2018,17.93,,
ESTAT:APRI_AP_CRPOUTA$DEFAULTVIEW(1.0),15/05/25 11:00:00,Annual,Euro,Soft wheat - prices per 100 kg,Luxembourg,2019,15.82,,
ESTAT:APRI_AP_CRPOUTA$DEFAULTVIEW(1.0),15/05/25 11:00:00,Annual,Euro,Soft wheat - prices per 100 kg,Luxembourg,2020,17.18,,
ESTAT:APRI_AP_CRPOUTA$DEFAULTVIEW(1.0),15/05/25 11:00:00,Annual,Euro,Soft wheat - prices per 100 kg,Luxembourg,2021,,,C
ESTAT:APRI_AP_CRPOUTA$DEFAULTVIEW(1.0),15/05/25 11:00:00,Annual,Euro,Soft wheat - prices per 100 kg,Luxembourg,2022,,,C
ESTAT:APRI_AP_CRPOUTA$DEFAULTVIEW(1.0),15/05/25 11:00:00,Annual,Euro,Soft wheat - prices per 100 kg,Luxembourg,2023,,,C
ESTAT:APRI_AP_CRPOUTA$DEFAULTVIEW(1.0),15/05/25 11:00:00,Annual,Euro,Soft wheat - prices per 100 kg,Luxembourg,2024,,,C
ESTAT:APRI_AP_CRPOUTA$DEFAULTVIEW(1.0),15/05/25 11:00:00,Annual,Euro,Soft wheat - prices per 100 kg,Latvia,2015,14.85,,
ESTAT:APRI_AP_CRPOUTA$DEFAULTVIEW(1.0),15/05/25 11:00:00,Annual,Euro,Soft wheat - prices per 100 kg,Latvia,2016,13.46,,
ESTAT:APRI_AP_CRPOUTA$DEFAULTVIEW(1.0),15/05/25 11:00:00,Annual,Euro,Soft wheat - prices per 100 kg,Latvia,2017,14.82,,
ESTAT:APRI_AP_CRPOUTA$DEFAULTVIEW(1.0),15/05/25 11:00:00,Annual,Euro,Soft wheat - prices per 100 kg,Latvia,2018,17.17,,
ESTAT:APRI_AP_CRPOUTA$DEFAULTVIEW(1.0),15/05/25 11:00:00,Annual,Euro,Soft wheat - prices per 100 kg,Latvia,2019,16.28,,
ESTAT:APRI_AP_CRPOUTA$DEFAULTVIEW(1.0),15/05/25 11:00:00,Annual,Euro,Soft wheat - prices per 100 kg,Latvia,2020,17.04,,
ESTAT:APRI_AP_CRPOUTA$DEFAULTVIEW(1.0),15/05/25 11:00:00,Annual,Euro,Soft wheat - prices per 100 kg,Latvia,2021,20.20,,
ESTAT:APRI_AP_CRPOUTA$DEFAULTVIEW(1.0),15/05/25 11:00:00,Annual,Euro,Soft wheat - prices per 100 kg,Latvia,2022,28.96,,
ESTAT:APRI_AP_CRPOUTA$DEFAULTVIEW(1.0),15/05/25 11:00:00,Annual,Euro,Soft wheat - prices per 100 kg,Latvia,2023,21.17,,
ESTAT:APRI_AP_CRPOUTA$DEFAULTVIEW(1.0),15/05/25 11:00:00,Annual,Euro,Soft wheat - prices per 100 kg,Latvia,2024,19.70,p,
ESTAT:APRI_AP_CRPOUTA$DEFAULTVIEW(1.0),15/05/25 11:00:00,Annual,Euro,Soft wheat - prices per 100 kg,Netherlands,2015,15.60,,
ESTAT:APRI_AP_CRPOUTA$DEFAULTVIEW(1.0),15/05/25 11:00:00,Annual,Euro,Soft wheat - prices per 100 kg,Netherlands,2016,14.90,,
ESTAT:APRI_AP_CRPOUTA$DEFAULTVIEW(1.0),15/05/25 11:00:00,Annual,Euro,Soft wheat - prices per 100 kg,Netherlands,2017,15.25,,
ESTAT:APRI_AP_CRPOUTA$DEFAULTVIEW(1.0),15/05/25 11:00:00,Annual,Euro,Soft wheat - prices per 100 kg,Netherlands,2018,19.40,,
ESTAT:APRI_AP_CRPOUTA$DEFAULTVIEW(1.0),15/05/25 11:00:00,Annual,Euro,Soft wheat - prices per 100 kg,Netherlands,2019,16.20,,
ESTAT:APRI_AP_CRPOUTA$DEFAULTVIEW(1.0),15/05/25 11:00:00,Annual,Euro,Soft wheat - prices per 100 kg,Netherlands,2020,18.40,,
ESTAT:APRI_AP_CRPOUTA$DEFAULTVIEW(1.0),15/05/25 11:00:00,Annual,Euro,Soft wheat - prices per 100 kg,Netherlands,2021,24.35,,
ESTAT:APRI_AP_CRPOUTA$DEFAULTVIEW(1.0),15/05/25 11:00:00,Annual,Euro,Soft wheat - prices per 100 kg,Netherlands,2022,31.00,,
ESTAT:APRI_AP_CRPOUTA$DEFAULTVIEW(1.0),15/05/25 11:00:00,Annual,Euro,Soft wheat - prices per 100 kg,Netherlands,2023,22.15,,
ESTAT:APRI_AP_CRPOUTA$DEFAULTVIEW(1.0),15/05/25 11:00:00,Annual,Euro,Soft wheat - prices per 100 kg,Netherlands,2024,20.00,,
ESTAT:APRI_AP_CRPOUTA$DEFAULTVIEW(1.0),15/05/25 11:00:00,Annual,Euro,Soft wheat - prices per 100 kg,Poland,2015,16.00,,
ESTAT:APRI_AP_CRPOUTA$DEFAULTVIEW(1.0),15/05/25 11:00:00,Annual,Euro,Soft wheat - prices per 100 kg,Poland,2016,14.23,,
ESTAT:APRI_AP_CRPOUTA$DEFAULTVIEW(1.0),15/05/25 11:00:00,Annual,Euro,Soft wheat - prices per 100 kg,Poland,2017,15.62,,
ESTAT:APRI_AP_CRPOUTA$DEFAULTVIEW(1.0),15/05/25 11:00:00,Annual,Euro,Soft wheat - prices per 100 kg,Poland,2018,17.04,,
ESTAT:APRI_AP_CRPOUTA$DEFAULTVIEW(1.0),15/05/25 11:00:00,Annual,Euro,Soft wheat - prices per 100 kg,Poland,2019,16.81,p,
ESTAT:APRI_AP_CRPOUTA$DEFAULTVIEW(1.0),15/05/25 11:00:00,Annual,Euro,Soft wheat - prices per 100 kg,Poland,2020,16.85,p,
ESTAT:APRI_AP_CRPOUTA$DEFAULTVIEW(1.0),15/05/25 11:00:00,Annual,Euro,Soft wheat - prices per 100 kg,Poland,2021,21.20,p,
ESTAT:APRI_AP_CRPOUTA$DEFAULTVIEW(1.0),15/05/25 11:00:00,Annual,Euro,Soft wheat - prices per 100 kg,Poland,2022,32.44,,
ESTAT:APRI_AP_CRPOUTA$DEFAULTVIEW(1.0),15/05/25 11:00:00,Annual,Euro,Soft wheat - prices per 100 kg,Poland,2023,21.75,,
ESTAT:APRI_AP_CRPOUTA$DEFAULTVIEW(1.0),15/05/25 11:00:00,Annual,Euro,Soft wheat - prices per 100 kg,Poland,2024,19.19,,
ESTAT:APRI_AP_CRPOUTA$DEFAULTVIEW(1.0),15/05/25 11:00:00,Annual,Euro,Soft wheat - prices per 100 kg,Portugal,2015,18.84,,
ESTAT:APRI_AP_CRPOUTA$DEFAULTVIEW(1.0),15/05/25 11:00:00,Annual,Euro,Soft wheat - prices per 100 kg,Portugal,2016,17.06,,
ESTAT:APRI_AP_CRPOUTA$DEFAULTVIEW(1.0),15/05/25 11:00:00,Annual,Euro,Soft wheat - prices per 100 kg,Portugal,2017,17.82,,
ESTAT:APRI_AP_CRPOUTA$DEFAULTVIEW(1.0),15/05/25 11:00:00,Annual,Euro,Soft wheat - prices per 100 kg,Portugal,2018,18.45,,
ESTAT:APRI_AP_CRPOUTA$DEFAULTVIEW(1.0),15/05/25 11:00:00,Annual,Euro,Soft wheat - prices per 100 kg,Portugal,2019,20.72,,
ESTAT:APRI_AP_CRPOUTA$DEFAULTVIEW(1.0),15/05/25 11:00:00,Annual,Euro,Soft wheat - prices per 100 kg,Portugal,2020,20.05,,
ESTAT:APRI_AP_CRPOUTA$DEFAULTVIEW(1.0),15/05/25 11:00:00,Annual,Euro,Soft wheat - prices per 100 kg,Portugal,2021,23.26,,
ESTAT:APRI_AP_CRPOUTA$DEFAULTVIEW(1.0),15/05/25 11:00:00,Annual,Euro,Soft wheat - prices per 100 kg,Portugal,2022,38.83,,
ESTAT:APRI_AP_CRPOUTA$DEFAULTVIEW(1.0),15/05/25 11:00:00,Annual,Euro,Soft wheat - prices per 100 kg,Portugal,2023,26.92,,
ESTAT:APRI_AP_CRPOUTA$DEFAULTVIEW(1.0),15/05/25 11:00:00,Annual,Euro,Soft wheat - prices per 100 kg,Portugal,2024,22.43,,
ESTAT:APRI_AP_CRPOUTA$DEFAULTVIEW(1.0),15/05/25 11:00:00,Annual,Euro,Soft wheat - prices per 100 kg,Romania,2015,16.65,,
ESTAT:APRI_AP_CRPOUTA$DEFAULTVIEW(1.0),15/05/25 11:00:00,Annual,Euro,Soft wheat - prices per 100 kg,Romania,2016,14.03,,
ESTAT:APRI_AP_CRPOUTA$DEFAULTVIEW(1.0),15/05/25 11:00:00,Annual,Euro,Soft wheat - prices per 100 kg,Romania,2017,14.23,,
ESTAT:APRI_AP_CRPOUTA$DEFAULTVIEW(1.0),15/05/25 11:00:00,Annual,Euro,Soft wheat - prices per 100 kg,Romania,2018,14.61,,
ESTAT:APRI_AP_CRPOUTA$DEFAULTVIEW(1.0),15/05/25 11:00:00,Annual,Euro,Soft wheat - prices per 100 kg,Romania,2019,15.38,,
ESTAT:APRI_AP_CRPOUTA$DEFAULTVIEW(1.0),15/05/25 11:00:00,Annual,Euro,Soft wheat - prices per 100 kg,Romania,2020,16.33,,
ESTAT:APRI_AP_CRPOUTA$DEFAULTVIEW(1.0),15/05/25 11:00:00,Annual,Euro,Soft wheat - prices per 100 kg,Romania,2021,19.51,,
ESTAT:APRI_AP_CRPOUTA$DEFAULTVIEW(1.0),15/05/25 11:00:00,Annual,Euro,Soft wheat - prices per 100 kg,Romania,2022,30.22,,
ESTAT:APRI_AP_CRPOUTA$DEFAULTVIEW(1.0),15/05/25 11:00:00,Annual,Euro,Soft wheat - prices per 100 kg,Romania,2023,22.24,,
ESTAT:APRI_AP_CRPOUTA$DEFAULTVIEW(1.0),15/05/25 11:00:00,Annual,Euro,Soft wheat - prices per 100 kg,Romania,2024,18.09,,
ESTAT:APRI_AP_CRPOUTA$DEFAULTVIEW(1.0),15/05/25 11:00:00,Annual,Euro,Soft wheat - prices per 100 kg,Sweden,2015,15.10,,
ESTAT:APRI_AP_CRPOUTA$DEFAULTVIEW(1.0),15/05/25 11:00:00,Annual,Euro,Soft wheat - prices per 100 kg,Sweden,2016,13.54,,
ESTAT:APRI_AP_CRPOUTA$DEFAULTVIEW(1.0),15/05/25 11:00:00,Annual,Euro,Soft wheat - prices per 100 kg,Sweden,2017,13.88,,
ESTAT:APRI_AP_CRPOUTA$DEFAULTVIEW(1.0),15/05/25 11:00:00,Annual,Euro,Soft wheat - prices per 100 kg,Sweden,2018,18.43,,
ESTAT:APRI_AP_CRPOUTA$DEFAULTVIEW(1.0),15/05/25 11:00:00,Annual,Euro,Soft wheat - prices per 100 kg,Sweden,2019,13.91,,
ESTAT:APRI_AP_CRPOUTA$DEFAULTVIEW(1.0),15/05/25 11:00:00,Annual,Euro,Soft wheat - prices per 100 kg,Sweden,2020,14.55,,
ESTAT:APRI_AP_CRPOUTA$DEFAULTVIEW(1.0),15/05/25 11:00:00,Annual,Euro,Soft wheat - prices per 100 kg,Sweden,2021,19.06,,
ESTAT:APRI_AP_CRPOUTA$DEFAULTVIEW(1.0),15/05/25 11:00:00,Annual,Euro,Soft wheat - prices per 100 kg,Sweden,2022,29.54,,
ESTAT:APRI_AP_CRPOUTA$DEFAULTVIEW(1.0),15/05/25 11:00:00,Annual,Euro,Soft wheat - prices per 100 kg,Sweden,2023,23.55,,
ESTAT:APRI_AP_CRPOUTA$DEFAULTVIEW(1.0),15/05/25 11:00:00,Annual,Euro,Soft wheat - prices per 100 kg,Sweden,2024,18.29,,
ESTAT:APRI_AP_CRPOUTA$DEFAULTVIEW(1.0),15/05/25 11:00:00,Annual,Euro,Soft wheat - prices per 100 kg,Slovenia,2015,16.83,,
ESTAT:APRI_AP_CRPOUTA$DEFAULTVIEW(1.0),15/05/25 11:00:00,Annual,Euro,Soft wheat - prices per 100 kg,Slovenia,2016,13.38,,
ESTAT:APRI_AP_CRPOUTA$DEFAULTVIEW(1.0),15/05/25 11:00:00,Annual,Euro,Soft wheat - prices per 100 kg,Slovenia,2017,15.40,,
ESTAT:APRI_AP_CRPOUTA$DEFAULTVIEW(1.0),15/05/25 11:00:00,Annual,Euro,Soft wheat - prices per 100 kg,Slovenia,2018,15.94,,
ESTAT:APRI_AP_CRPOUTA$DEFAULTVIEW(1.0),15/05/25 11:00:00,Annual,Euro,Soft wheat - prices per 100 kg,Slovenia,2019,16.32,,
ESTAT:APRI_AP_CRPOUTA$DEFAULTVIEW(1.0),15/05/25 11:00:00,Annual,Euro,Soft wheat - prices per 100 kg,Slovenia,2020,14.82,,
ESTAT:APRI_AP_CRPOUTA$DEFAULTVIEW(1.0),15/05/25 11:00:00,Annual,Euro,Soft wheat - prices per 100 kg,Slovenia,2021,18.78,,
ESTAT:APRI_AP_CRPOUTA$DEFAULTVIEW(1.0),15/05/25 11:00:00,Annual,Euro,Soft wheat - prices per 100 kg,Slovenia,2022,31.49,,
ESTAT:APRI_AP_CRPOUTA$DEFAULTVIEW(1.0),15/05/25 11:00:00,Annual,Euro,Soft wheat - prices per 100 kg,Slovenia,2023,16.24,,
ESTAT:APRI_AP_CRPOUTA$DEFAULTVIEW(1.0),15/05/25 11:00:00,Annual,Euro,Soft wheat - prices per 100 kg,Slovenia,2024,18.61,,
ESTAT:APRI_AP_CRPOUTA$DEFAULTVIEW(1.0),15/05/25 11:00:00,Annual,Euro,Soft wheat - prices per 100 kg,Slovakia,2015,14.63,,
ESTAT:APRI_AP_CRPOUTA$DEFAULTVIEW(1.0),15/05/25 11:00:00,Annual,Euro,Soft wheat - prices per 100 kg,Slovakia,2016,12.29,,
ESTAT:APRI_AP_CRPOUTA$DEFAULTVIEW(1.0),15/05/25 11:00:00,Annual,Euro,Soft wheat - prices per 100 kg,Slovakia,2017,13.98,,
ESTAT:APRI_AP_CRPOUTA$DEFAULTVIEW(1.0),15/05/25 11:00:00,Annual,Euro,Soft wheat - prices per 100 kg,Slovakia,2018,15.12,,
ESTAT:APRI_AP_CRPOUTA$DEFAULTVIEW(1.0),15/05/25 11:00:00,Annual,Euro,Soft wheat - prices per 100 kg,Slovakia,2019,15.31,,
ESTAT:APRI_AP_CRPOUTA$DEFAULTVIEW(1.0),15/05/25 11:00:00,Annual,Euro,Soft wheat - prices per 100 kg,Slovakia,2020,14.78,,
ESTAT:APRI_AP_CRPOUTA$DEFAULTVIEW(1.0),15/05/25 11:00:00,Annual,Euro,Soft wheat - prices per 100 kg,Slovakia,2021,18.52,,
ESTAT:APRI_AP_CRPOUTA$DEFAULTVIEW(1.0),15/05/25 11:00:00,Annual,Euro,Soft wheat - prices per 100 kg,Slovakia,2022,29.86,,
ESTAT:APRI_AP_CRPOUTA$DEFAULTVIEW(1.0),15/05/25 11:00:00,Annual,Euro,Soft wheat - prices per 100 kg,Slovakia,2023,19.18,,
ESTAT:APRI_AP_CRPOUTA$DEFAULTVIEW(1.0),15/05/25 11:00:00,Annual,Euro,Soft wheat - prices per 100 kg,Slovakia,2024,17.53,,
ESTAT:APRI_AP_CRPOUTA$DEFAULTVIEW(1.0),15/05/25 11:00:00,Annual,Euro,Soft wheat - prices per 100 kg,United Kingdom,2015,17.01,,
ESTAT:APRI_AP_CRPOUTA$DEFAULTVIEW(1.0),15/05/25 11:00:00,Annual,Euro,Soft wheat - prices per 100 kg,United Kingdom,2016,14.68,,
ESTAT:APRI_AP_CRPOUTA$DEFAULTVIEW(1.0),15/05/25 11:00:00,Annual,Euro,Soft wheat - prices per 100 kg,United Kingdom,2017,16.62,,
ESTAT:APRI_AP_CRPOUTA$DEFAULTVIEW(1.0),15/05/25 11:00:00,Annual,Euro,Soft wheat - prices per 100 kg,United Kingdom,2018,18.49,,
ESTAT:APRI_AP_CRPOUTA$DEFAULTVIEW(1.0),15/05/25 11:00:00,Annual,Euro,Soft wheat - prices per 100 kg,United Kingdom,2019,18.11,,
ESTAT:APRI_AP_CRPOUTA$DEFAULTVIEW(1.0),15/05/25 11:00:00,Annual,Euro,Durum wheat - prices per 100 kg,Austria,2015,25.47,,
ESTAT:APRI_AP_CRPOUTA$DEFAULTVIEW(1.0),15/05/25 11:00:00,Annual,Euro,Durum wheat - prices per 100 kg,Austria,2016,17.88,,
ESTAT:APRI_AP_CRPOUTA$DEFAULTVIEW(1.0),15/05/25 11:00:00,Annual,Euro,Durum wheat - prices per 100 kg,Austria,2017,18.24,,
ESTAT:APRI_AP_CRPOUTA$DEFAULTVIEW(1.0),15/05/25 11:00:00,Annual,Euro,Durum wheat - prices per 100 kg,Austria,2018,18.27,,
ESTAT:APRI_AP_CRPOUTA$DEFAULTVIEW(1.0),15/05/25 11:00:00,Annual,Euro,Durum wheat - prices per 100 kg,Austria,2019,20.03,,
ESTAT:APRI_AP_CRPOUTA$DEFAULTVIEW(1.0),15/05/25 11:00:00,Annual,Euro,Durum wheat - prices per 100 kg,Austria,2020,23.10,,
ESTAT:APRI_AP_CRPOUTA$DEFAULTVIEW(1.0),15/05/25 11:00:00,Annual,Euro,Durum wheat - prices per 100 kg,Austria,2021,31.78,,
ESTAT:APRI_AP_CRPOUTA$DEFAULTVIEW(1.0),15/05/25 11:00:00,Annual,Euro,Durum wheat - prices per 100 kg,Austria,2022,41.64,,
ESTAT:APRI_AP_CRPOUTA$DEFAULTVIEW(1.0),15/05/25 11:00:00,Annual,Euro,Durum wheat - prices per 100 kg,Austria,2023,28.72,,
ESTAT:APRI_AP_CRPOUTA$DEFAULTVIEW(1.0),15/05/25 11:00:00,Annual,Euro,Durum wheat - prices per 100 kg,Austria,2024,24.29,p,
ESTAT:APRI_AP_CRPOUTA$DEFAULTVIEW(1.0),15/05/25 11:00:00,Annual,Euro,Durum wheat - prices per 100 kg,Belgium,2015,,m,
ESTAT:APRI_AP_CRPOUTA$DEFAULTVIEW(1.0),15/05/25 11:00:00,Annual,Euro,Durum wheat - prices per 100 kg,Bulgaria,2015,17.88,,
ESTAT:APRI_AP_CRPOUTA$DEFAULTVIEW(1.0),15/05/25 11:00:00,Annual,Euro,Durum wheat - prices per 100 kg,Bulgaria,2016,16.33,,
ESTAT:APRI_AP_CRPOUTA$DEFAULTVIEW(1.0),15/05/25 11:00:00,Annual,Euro,Durum wheat - prices per 100 kg,Bulgaria,2017,15.29,,
ESTAT:APRI_AP_CRPOUTA$DEFAULTVIEW(1.0),15/05/25 11:00:00,Annual,Euro,Durum wheat - prices per 100 kg,Bulgaria,2018,15.58,,
ESTAT:APRI_AP_CRPOUTA$DEFAULTVIEW(1.0),15/05/25 11:00:00,Annual,Euro,Durum wheat - prices per 100 kg,Bulgaria,2019,16.58,,
ESTAT:APRI_AP_CRPOUTA$DEFAULTVIEW(1.0),15/05/25 11:00:00,Annual,Euro,Durum wheat - prices per 100 kg,Bulgaria,2020,18.24,,
ESTAT:APRI_AP_CRPOUTA$DEFAULTVIEW(1.0),15/05/25 11:00:00,Annual,Euro,Durum wheat - prices per 100 kg,Bulgaria,2021,21.70,,
ESTAT:APRI_AP_CRPOUTA$DEFAULTVIEW(1.0),15/05/25 11:00:00,Annual,Euro,Durum wheat - prices per 100 kg,Bulgaria,2022,35.04,,
ESTAT:APRI_AP_CRPOUTA$DEFAULTVIEW(1.0),15/05/25 11:00:00,Annual,Euro,Durum wheat - prices per 100 kg,Bulgaria,2023,25.77,,
ESTAT:APRI_AP_CRPOUTA$DEFAULTVIEW(1.0),15/05/25 11:00:00,Annual,Euro,Durum wheat - prices per 100 kg,Bulgaria,2024,22.22,,
ESTAT:APRI_AP_CRPOUTA$DEFAULTVIEW(1.0),15/05/25 11:00:00,Annual,Euro,Durum wheat - prices per 100 kg,Cyprus,2015,24.80,,
ESTAT:APRI_AP_CRPOUTA$DEFAULTVIEW(1.0),15/05/25 11:00:00,Annual,Euro,Durum wheat - prices per 100 kg,Cyprus,2016,31.20,,
ESTAT:APRI_AP_CRPOUTA$DEFAULTVIEW(1.0),15/05/25 11:00:00,Annual,Euro,Durum wheat - prices per 100 kg,Cyprus,2017,21.82,,
ESTAT:APRI_AP_CRPOUTA$DEFAULTVIEW(1.0),15/05/25 11:00:00,Annual,Euro,Durum wheat - prices per 100 kg,Cyprus,2018,26.03,,
ESTAT:APRI_AP_CRPOUTA$DEFAULTVIEW(1.0),15/05/25 11:00:00,Annual,Euro,Durum wheat - prices per 100 kg,Cyprus,2019,22.94,,
ESTAT:APRI_AP_CRPOUTA$DEFAULTVIEW(1.0),15/05/25 11:00:00,Annual,Euro,Durum wheat - prices per 100 kg,Cyprus,2020,22.43,,
ESTAT:APRI_AP_CRPOUTA$DEFAULTVIEW(1.0),15/05/25 11:00:00,Annual,Euro,Durum wheat - prices per 100 kg,Cyprus,2021,25.70,,
ESTAT:APRI_AP_CRPOUTA$DEFAULTVIEW(1.0),15/05/25 11:00:00,Annual,Euro,Durum wheat - prices per 100 kg,Cyprus,2022,44.42,,
ESTAT:APRI_AP_CRPOUTA$DEFAULTVIEW(1.0),15/05/25 11:00:00,Annual,Euro,Durum wheat - prices per 100 kg,Cyprus,2023,30.98,,
ESTAT:APRI_AP_CRPOUTA$DEFAULTVIEW(1.0),15/05/25 11:00:00,Annual,Euro,Durum wheat - prices per 100 kg,Cyprus,2024,32.87,,
ESTAT:APRI_AP_CRPOUTA$DEFAULTVIEW(1.0),15/05/25 11:00:00,Annual,Euro,Durum wheat - prices per 100 kg,Czechia,2015,,m,
ESTAT:APRI_AP_CRPOUTA$DEFAULTVIEW(1.0),15/05/25 11:00:00,Annual,Euro,Durum wheat - prices per 100 kg,Germany,2018,21.00,,
ESTAT:APRI_AP_CRPOUTA$DEFAULTVIEW(1.0),15/05/25 11:00:00,Annual,Euro,Durum wheat - prices per 100 kg,Germany,2019,21.50,,
ESTAT:APRI_AP_CRPOUTA$DEFAULTVIEW(1.0),15/05/25 11:00:00,Annual,Euro,Durum wheat - prices per 100 kg,Germany,2020,22.00,,
ESTAT:APRI_AP_CRPOUTA$DEFAULTVIEW(1.0),15/05/25 11:00:00,Annual,Euro,Durum wheat - prices per 100 kg,Germany,2021,21.40,,
ESTAT:APRI_AP_CRPOUTA$DEFAULTVIEW(1.0),15/05/25 11:00:00,Annual,Euro,Durum wheat - prices per 100 kg,Germany,2022,39.10,,
ESTAT:APRI_AP_CRPOUTA$DEFAULTVIEW(1.0),15/05/25 11:00:00,Annual,Euro,Durum wheat - prices per 100 kg,Germany,2023,46.10,,
ESTAT:APRI_AP_CRPOUTA$DEFAULTVIEW(1.0),15/05/25 11:00:00,Annual,Euro,Durum wheat - prices per 100 kg,Germany,2024,45.70,,
ESTAT:APRI_AP_CRPOUTA$DEFAULTVIEW(1.0),15/05/25 11:00:00,Annual,Euro,Durum wheat - prices per 100 kg,Greece,2015,23.93,,
ESTAT:APRI_AP_CRPOUTA$DEFAULTVIEW(1.0),15/05/25 11:00:00,Annual,Euro,Durum wheat - prices per 100 kg,Greece,2016,18.86,,
ESTAT:APRI_AP_CRPOUTA$DEFAULTVIEW(1.0),15/05/25 11:00:00,Annual,Euro,Durum wheat - prices per 100 kg,Greece,2017,19.43,,
ESTAT:APRI_AP_CRPOUTA$DEFAULTVIEW(1.0),15/05/25 11:00:00,Annual,Euro,Durum wheat - prices per 100 kg,Greece,2018,18.83,,
ESTAT:APRI_AP_CRPOUTA$DEFAULTVIEW(1.0),15/05/25 11:00:00,Annual,Euro,Durum wheat - prices per 100 kg,Greece,2019,20.24,,
ESTAT:APRI_AP_CRPOUTA$DEFAULTVIEW(1.0),15/05/25 11:00:00,Annual,Euro,Durum wheat - prices per 100 kg,Greece,2020,23.01,,
ESTAT:APRI_AP_CRPOUTA$DEFAULTVIEW(1.0),15/05/25 11:00:00,Annual,Euro,Durum wheat - prices per 100 kg,Greece,2021,33.14,,
ESTAT:APRI_AP_CRPOUTA$DEFAULTVIEW(1.0),15/05/25 11:00:00,Annual,Euro,Durum wheat - prices per 100 kg,Greece,2022,43.23,,
ESTAT:APRI_AP_CRPOUTA$DEFAULTVIEW(1.0),15/05/25 11:00:00,Annual,Euro,Durum wheat - prices per 100 kg,Greece,2023,32.32,,
ESTAT:APRI_AP_CRPOUTA$DEFAULTVIEW(1.0),15/05/25 11:00:00,Annual,Euro,Durum wheat - prices per 100 kg,Greece,2024,26.02,,
ESTAT:APRI_AP_CRPOUTA$DEFAULTVIEW(1.0),15/05/25 11:00:00,Annual,Euro,Durum wheat - prices per 100 kg,Spain,2015,29.23,,
ESTAT:APRI_AP_CRPOUTA$DEFAULTVIEW(1.0),15/05/25 11:00:00,Annual,Euro,Durum wheat - prices per 100 kg,Spain,2016,22.28,,
ESTAT:APRI_AP_CRPOUTA$DEFAULTVIEW(1.0),15/05/25 11:00:00,Annual,Euro,Durum wheat - prices per 100 kg,Spain,2017,22.18,,
ESTAT:APRI_AP_CRPOUTA$DEFAULTVIEW(1.0),15/05/25 11:00:00,Annual,Euro,Durum wheat - prices per 100 kg,Spain,2018,19.10,,
ESTAT:APRI_AP_CRPOUTA$DEFAULTVIEW(1.0),15/05/25 11:00:00,Annual,Euro,Durum wheat - prices per 100 kg,Spain,2019,21.87,,
ESTAT:APRI_AP_CRPOUTA$DEFAULTVIEW(1.0),15/05/25 11:00:00,Annual,Euro,Durum wheat - prices per 100 kg,Spain,2020,24.36,,
ESTAT:APRI_AP_CRPOUTA$DEFAULTVIEW(1.0),15/05/25 11:00:00,Annual,Euro,Durum wheat - prices per 100 kg,Spain,2021,35.38,,
ESTAT:APRI_AP_CRPOUTA$DEFAULTVIEW(1.0),15/05/25 11:00:00,Annual,Euro,Durum wheat - prices per 100 kg,Spain,2022,48.88,,
ESTAT:APRI_AP_CRPOUTA$DEFAULTVIEW(1.0),15/05/25 11:00:00,Annual,Euro,Durum wheat - prices per 100 kg,Spain,2023,36.85,,
ESTAT:APRI_AP_CRPOUTA$DEFAULTVIEW(1.0),15/05/25 11:00:00,Annual,Euro,Durum wheat - prices per 100 kg,Spain,2024,27.63,,
ESTAT:APRI_AP_CRPOUTA$DEFAULTVIEW(1.0),15/05/25 11:00:00,Annual,Euro,Durum wheat - prices per 100 kg,France,2015,49.40,,
ESTAT:APRI_AP_CRPOUTA$DEFAULTVIEW(1.0),15/05/25 11:00:00,Annual,Euro,Durum wheat - prices per 100 kg,France,2016,37.70,,
ESTAT:APRI_AP_CRPOUTA$DEFAULTVIEW(1.0),15/05/25 11:00:00,Annual,Euro,Durum wheat - prices per 100 kg,Croatia,2015,27.14,,
ESTAT:APRI_AP_CRPOUTA$DEFAULTVIEW(1.0),15/05/25 11:00:00,Annual,Euro,Durum wheat - prices per 100 kg,Croatia,2016,14.39,,
ESTAT:APRI_AP_CRPOUTA$DEFAULTVIEW(1.0),15/05/25 11:00:00,Annual,Euro,Durum wheat - prices per 100 kg,Croatia,2017,22.01,,
ESTAT:APRI_AP_CRPOUTA$DEFAULTVIEW(1.0),15/05/25 11:00:00,Annual,Euro,Durum wheat - prices per 100 kg,Croatia,2018,21.01,,
ESTAT:APRI_AP_CRPOUTA$DEFAULTVIEW(1.0),15/05/25 11:00:00,Annual,Euro,Durum wheat - prices per 100 kg,Croatia,2019,19.48,,
ESTAT:APRI_AP_CRPOUTA$DEFAULTVIEW(1.0),15/05/25 11:00:00,Annual,Euro,Durum wheat - prices per 100 kg,Croatia,2020,19.72,,
ESTAT:APRI_AP_CRPOUTA$DEFAULTVIEW(1.0),15/05/25 11:00:00,Annual,Euro,Durum wheat - prices per 100 kg,Croatia,2021,22.18,,
ESTAT:APRI_AP_CRPOUTA$DEFAULTVIEW(1.0),15/05/25 11:00:00,Annual,Euro,Durum wheat - prices per 100 kg,Croatia,2022,40.56,,
ESTAT:APRI_AP_CRPOUTA$DEFAULTVIEW(1.0),15/05/25 11:00:00,Annual,Euro,Durum wheat - prices per 100 kg,Croatia,2023,30.90,,
ESTAT:APRI_AP_CRPOUTA$DEFAULTVIEW(1.0),15/05/25 11:00:00,Annual,Euro,Durum wheat - prices per 100 kg,Croatia,2024,26.38,,
ESTAT:APRI_AP_CRPOUTA$DEFAULTVIEW(1.0),15/05/25 11:00:00,Annual,Euro,Durum wheat - prices per 100 kg,Hungary,2015,22.56,,
ESTAT:APRI_AP_CRPOUTA$DEFAULTVIEW(1.0),15/05/25 11:00:00,Annual,Euro,Durum wheat - prices per 100 kg,Hungary,2016,16.75,,
ESTAT:APRI_AP_CRPOUTA$DEFAULTVIEW(1.0),15/05/25 11:00:00,Annual,Euro,Durum wheat - prices per 100 kg,Hungary,2017,14.12,,
ESTAT:APRI_AP_CRPOUTA$DEFAULTVIEW(1.0),15/05/25 11:00:00,Annual,Euro,Durum wheat - prices per 100 kg,Hungary,2018,18.83,,
ESTAT:APRI_AP_CRPOUTA$DEFAULTVIEW(1.0),15/05/25 11:00:00,Annual,Euro,Durum wheat - prices per 100 kg,Hungary,2019,19.82,,
ESTAT:APRI_AP_CRPOUTA$DEFAULTVIEW(1.0),15/05/25 11:00:00,Annual,Euro,Durum wheat - prices per 100 kg,Hungary,2020,24.79,,
ESTAT:APRI_AP_CRPOUTA$DEFAULTVIEW(1.0),15/05/25 11:00:00,Annual,Euro,Durum wheat - prices per 100 kg,Hungary,2021,31.09,,
ESTAT:APRI_AP_CRPOUTA$DEFAULTVIEW(1.0),15/05/25 11:00:00,Annual,Euro,Durum wheat - prices per 100 kg,Hungary,2022,51.45,,
ESTAT:APRI_AP_CRPOUTA$DEFAULTVIEW(1.0),15/05/25 11:00:00,Annual,Euro,Durum wheat - prices per 100 kg,Hungary,2023,28.17,,
ESTAT:APRI_AP_CRPOUTA$DEFAULTVIEW(1.0),15/05/25 11:00:00,Annual,Euro,Durum wheat - prices per 100 kg,Hungary,2024,26.15,,
ESTAT:APRI_AP_CRPOUTA$DEFAULTVIEW(1.0),15/05/25 11:00:00,Annual,Euro,Durum wheat - prices per 100 kg,Ireland,2024,21.55,,
ESTAT:APRI_AP_CRPOUTA$DEFAULTVIEW(1.0),15/05/25 11:00:00,Annual,Euro,Durum wheat - prices per 100 kg,Italy,2015,30.04,,
ESTAT:APRI_AP_CRPOUTA$DEFAULTVIEW(1.0),15/05/25 11:00:00,Annual,Euro,Durum wheat - prices per 100 kg,Italy,2016,22.41,,
ESTAT:APRI_AP_CRPOUTA$DEFAULTVIEW(1.0),15/05/25 11:00:00,Annual,Euro,Durum wheat - prices per 100 kg,Italy,2017,21.78,,
ESTAT:APRI_AP_CRPOUTA$DEFAULTVIEW(1.0),15/05/25 11:00:00,Annual,Euro,Durum wheat - prices per 100 kg,Italy,2018,21.79,,
ESTAT:APRI_AP_CRPOUTA$DEFAULTVIEW(1.0),15/05/25 11:00:00,Annual,Euro,Durum wheat - prices per 100 kg,Italy,2019,23.52,,
ESTAT:APRI_AP_CRPOUTA$DEFAULTVIEW(1.0),15/05/25 11:00:00,Annual,Euro,Durum wheat - prices per 100 kg,Italy,2020,27.43,,
ESTAT:APRI_AP_CRPOUTA$DEFAULTVIEW(1.0),15/05/25 11:00:00,Annual,Euro,Durum wheat - prices per 100 kg,Italy,2021,36.56,,
ESTAT:APRI_AP_CRPOUTA$DEFAULTVIEW(1.0),15/05/25 11:00:00,Annual,Euro,Durum wheat - prices per 100 kg,Italy,2022,48.67,,
ESTAT:APRI_AP_CRPOUTA$DEFAULTVIEW(1.0),15/05/25 11:00:00,Annual,Euro,Durum wheat - prices per 100 kg,Italy,2023,37.72,,
ESTAT:APRI_AP_CRPOUTA$DEFAULTVIEW(1.0),15/05/25 11:00:00,Annual,Euro,Durum wheat - prices per 100 kg,Italy,2024,33.59,,
ESTAT:APRI_AP_CRPOUTA$DEFAULTVIEW(1.0),15/05/25 11:00:00,Annual,Euro,Durum wheat - prices per 100 kg,Luxembourg,2015,,m,
ESTAT:APRI_AP_CRPOUTA$DEFAULTVIEW(1.0),15/05/25 11:00:00,Annual,Euro,Durum wheat - prices per 100 kg,Luxembourg,2022,,,C
ESTAT:APRI_AP_CRPOUTA$DEFAULTVIEW(1.0),15/05/25 11:00:00,Annual,Euro,Durum wheat - prices per 100 kg,Luxembourg,2023,,,C
ESTAT:APRI_AP_CRPOUTA$DEFAULTVIEW(1.0),15/05/25 11:00:00,Annual,Euro,Durum wheat - prices per 100 kg,Luxembourg,2024,,,C
ESTAT:APRI_AP_CRPOUTA$DEFAULTVIEW(1.0),15/05/25 11:00:00,Annual,Euro,Durum wheat - prices per 100 kg,Portugal,2015,27.99,,
ESTAT:APRI_AP_CRPOUTA$DEFAULTVIEW(1.0),15/05/25 11:00:00,Annual,Euro,Durum wheat - prices per 100 kg,Portugal,2016,23.50,,
ESTAT:APRI_AP_CRPOUTA$DEFAULTVIEW(1.0),15/05/25 11:00:00,Annual,Euro,Durum wheat - prices per 100 kg,Portugal,2017,23.00,,
ESTAT:APRI_AP_CRPOUTA$DEFAULTVIEW(1.0),15/05/25 11:00:00,Annual,Euro,Durum wheat - prices per 100 kg,Portugal,2018,21.81,,
ESTAT:APRI_AP_CRPOUTA$DEFAULTVIEW(1.0),15/05/25 11:00:00,Annual,Euro,Durum wheat - prices per 100 kg,Portugal,2019,22.97,,
ESTAT:APRI_AP_CRPOUTA$DEFAULTVIEW(1.0),15/05/25 11:00:00,Annual,Euro,Durum wheat - prices per 100 kg,Portugal,2020,23.00,,
ESTAT:APRI_AP_CRPOUTA$DEFAULTVIEW(1.0),15/05/25 11:00:00,Annual,Euro,Durum wheat - prices per 100 kg,Portugal,2021,27.37,,
ESTAT:APRI_AP_CRPOUTA$DEFAULTVIEW(1.0),15/05/25 11:00:00,Annual,Euro,Durum wheat - prices per 100 kg,Portugal,2022,49.73,,
ESTAT:APRI_AP_CRPOUTA$DEFAULTVIEW(1.0),15/05/25 11:00:00,Annual,Euro,Durum wheat - prices per 100 kg,Portugal,2023,38.48,,
ESTAT:APRI_AP_CRPOUTA$DEFAULTVIEW(1.0),15/05/25 11:00:00,Annual,Euro,Durum wheat - prices per 100 kg,Portugal,2024,25.50,,
ESTAT:APRI_AP_CRPOUTA$DEFAULTVIEW(1.0),15/05/25 11:00:00,Annual,Euro,Durum wheat - prices per 100 kg,Slovenia,2015,,m,
ESTAT:APRI_AP_CRPOUTA$DEFAULTVIEW(1.0),15/05/25 11:00:00,Annual,Euro,Durum wheat - prices per 100 kg,Slovakia,2024,26.71,,
ESTAT:APRI_AP_CRPOUTA$DEFAULTVIEW(1.0),15/05/25 11:00:00,Annual,Euro,Rye - prices per 100 kg,Austria,2015,12.12,,
ESTAT:APRI_AP_CRPOUTA$DEFAULTVIEW(1.0),15/05/25 11:00:00,Annual,Euro,Rye - prices per 100 kg,Austria,2016,12.52,,
ESTAT:APRI_AP_CRPOUTA$DEFAULTVIEW(1.0),15/05/25 11:00:00,Annual,Euro,Rye - prices per 100 kg,Austria,2017,15.70,,
ESTAT:APRI_AP_CRPOUTA$DEFAULTVIEW(1.0),15/05/25 11:00:00,Annual,Euro,Rye - prices per 100 kg,Austria,2018,14.98,,
ESTAT:APRI_AP_CRPOUTA$DEFAULTVIEW(1.0),15/05/25 11:00:00,Annual,Euro,Rye - prices per 100 kg,Austria,2019,12.74,,
ESTAT:APRI_AP_CRPOUTA$DEFAULTVIEW(1.0),15/05/25 11:00:00,Annual,Euro,Rye - prices per 100 kg,Austria,2020,11.76,,
ESTAT:APRI_AP_CRPOUTA$DEFAULTVIEW(1.0),15/05/25 11:00:00,Annual,Euro,Rye - prices per 100 kg,Austria,2021,22.15,,
ESTAT:APRI_AP_CRPOUTA$DEFAULTVIEW(1.0),15/05/25 11:00:00,Annual,Euro,Rye - prices per 100 kg,Austria,2022,27.48,,
ESTAT:APRI_AP_CRPOUTA$DEFAULTVIEW(1.0),15/05/25 11:00:00,Annual,Euro,Rye - prices per 100 kg,Austria,2023,14.92,,
ESTAT:APRI_AP_CRPOUTA$DEFAULTVIEW(1.0),15/05/25 11:00:00,Annual,Euro,Rye - prices per 100 kg,Austria,2024,14.96,p,
ESTAT:APRI_AP_CRPOUTA$DEFAULTVIEW(1.0),15/05/25 11:00:00,Annual,Euro,Rye - prices per 100 kg,Belgium,2015,10.75,,
ESTAT:APRI_AP_CRPOUTA$DEFAULTVIEW(1.0),15/05/25 11:00:00,Annual,Euro,Rye - prices per 100 kg,Belgium,2016,9.73,e,
ESTAT:APRI_AP_CRPOUTA$DEFAULTVIEW(1.0),15/05/25 11:00:00,Annual,Euro,Rye - prices per 100 kg,Belgium,2017,10.88,,
ESTAT:APRI_AP_CRPOUTA$DEFAULTVIEW(1.0),15/05/25 11:00:00,Annual,Euro,Rye - prices per 100 kg,Belgium,2018,13.95,,
ESTAT:APRI_AP_CRPOUTA$DEFAULTVIEW(1.0),15/05/25 11:00:00,Annual,Euro,Rye - prices per 100 kg,Belgium,2019,13.30,,
ESTAT:APRI_AP_CRPOUTA$DEFAULTVIEW(1.0),15/05/25 11:00:00,Annual,Euro,Rye - prices per 100 kg,Belgium,2020,14.91,,
ESTAT:APRI_AP_CRPOUTA$DEFAULTVIEW(1.0),15/05/25 11:00:00,Annual,Euro,Rye - prices per 100 kg,Belgium,2021,20.11,,
ESTAT:APRI_AP_CRPOUTA$DEFAULTVIEW(1.0),15/05/25 11:00:00,Annual,Euro,Rye - prices per 100 kg,Belgium,2022,26.59,,
ESTAT:APRI_AP_CRPOUTA$DEFAULTVIEW(1.0),15/05/25 11:00:00,Annual,Euro,Rye - prices per 100 kg,Belgium,2023,17.75,,
ESTAT:APRI_AP_CRPOUTA$DEFAULTVIEW(1.0),15/05/25 11:00:00,Annual,Euro,Rye - prices per 100 kg,Belgium,2024,16.15,,
ESTAT:APRI_AP_CRPOUTA$DEFAULTVIEW(1.0),15/05/25 11:00:00,Annual,Euro,Rye - prices per 100 kg,Bulgaria,2015,13.28,,
ESTAT:APRI_AP_CRPOUTA$DEFAULTVIEW(1.0),15/05/25 11:00:00,Annual,Euro,Rye - prices per 100 kg,Bulgaria,2016,12.29,,
ESTAT:APRI_AP_CRPOUTA$DEFAULTVIEW(1.0),15/05/25 11:00:00,Annual,Euro,Rye - prices per 100 kg,Bulgaria,2017,13.65,,
ESTAT:APRI_AP_CRPOUTA$DEFAULTVIEW(1.0),15/05/25 11:00:00,Annual,Euro,Rye - prices per 100 kg,Bulgaria,2018,13.40,,
ESTAT:APRI_AP_CRPOUTA$DEFAULTVIEW(1.0),15/05/25 11:00:00,Annual,Euro,Rye - prices per 100 kg,Bulgaria,2019,14.79,,
ESTAT:APRI_AP_CRPOUTA$DEFAULTVIEW(1.0),15/05/25 11:00:00,Annual,Euro,Rye - prices per 100 kg,Bulgaria,2020,16.50,,
ESTAT:APRI_AP_CRPOUTA$DEFAULTVIEW(1.0),15/05/25 11:00:00,Annual,Euro,Rye - prices per 100 kg,Bulgaria,2021,18.26,,
ESTAT:APRI_AP_CRPOUTA$DEFAULTVIEW(1.0),15/05/25 11:00:00,Annual,Euro,Rye - prices per 100 kg,Bulgaria,2022,30.73,,
ESTAT:APRI_AP_CRPOUTA$DEFAULTVIEW(1.0),15/05/25 11:00:00,Annual,Euro,Rye - prices per 100 kg,Bulgaria,2023,21.10,,
ESTAT:APRI_AP_CRPOUTA$DEFAULTVIEW(1.0),15/05/25 11:00:00,Annual,Euro,Rye - prices per 100 kg,Bulgaria,2024,19.97,,
ESTAT:APRI_AP_CRPOUTA$DEFAULTVIEW(1.0),15/05/25 11:00:00,Annual,Euro,Rye - prices per 100 kg,Czechia,2015,14.37,,
ESTAT:APRI_AP_CRPOUTA$DEFAULTVIEW(1.0),15/05/25 11:00:00,Annual,Euro,Rye - prices per 100 kg,Czechia,2016,13.87,,
ESTAT:APRI_AP_CRPOUTA$DEFAULTVIEW(1.0),15/05/25 11:00:00,Annual,Euro,Rye - prices per 100 kg,Czechia,2017,14.59,,
ESTAT:APRI_AP_CRPOUTA$DEFAULTVIEW(1.0),15/05/25 11:00:00,Annual,Euro,Rye - prices per 100 kg,Czechia,2018,16.30,,
ESTAT:APRI_AP_CRPOUTA$DEFAULTVIEW(1.0),15/05/25 11:00:00,Annual,Euro,Rye - prices per 100 kg,Czechia,2019,16.56,,
ESTAT:APRI_AP_CRPOUTA$DEFAULTVIEW(1.0),15/05/25 11:00:00,Annual,Euro,Rye - prices per 100 kg,Czechia,2020,14.52,,
ESTAT:APRI_AP_CRPOUTA$DEFAULTVIEW(1.0),15/05/25 11:00:00,Annual,Euro,Rye - prices per 100 kg,Czechia,2021,15.91,,
ESTAT:APRI_AP_CRPOUTA$DEFAULTVIEW(1.0),15/05/25 11:00:00,Annual,Euro,Rye - prices per 100 kg,Czechia,2022,27.84,,
ESTAT:APRI_AP_CRPOUTA$DEFAULTVIEW(1.0),15/05/25 11:00:00,Annual,Euro,Rye - prices per 100 kg,Czechia,2023,24.20,,
ESTAT:APRI_AP_CRPOUTA$DEFAULTVIEW(1.0),15/05/25 11:00:00,Annual,Euro,Rye - prices per 100 kg,Czechia,2024,18.71,,
ESTAT:APRI_AP_CRPOUTA$DEFAULTVIEW(1.0),15/05/25 11:00:00,Annual,Euro,Rye - prices per 100 kg,Germany,2015,13.25,,
ESTAT:APRI_AP_CRPOUTA$DEFAULTVIEW(1.0),15/05/25 11:00:00,Annual,Euro,Rye - prices per 100 kg,Germany,2016,12.20,,
ESTAT:APRI_AP_CRPOUTA$DEFAULTVIEW(1.0),15/05/25 11:00:00,Annual,Euro,Rye - prices per 100 kg,Germany,2017,13.95,,
ESTAT:APRI_AP_CRPOUTA$DEFAULTVIEW(1.0),15/05/25 11:00:00,Annual,Euro,Rye - prices per 100 kg,Germany,2018,15.99,,
ESTAT:APRI_AP_CRPOUTA$DEFAULTVIEW(1.0),15/05/25 11:00:00,Annual,Euro,Rye - prices per 100 kg,Germany,2019,15.14,,
ESTAT:APRI_AP_CRPOUTA$DEFAULTVIEW(1.0),15/05/25 11:00:00,Annual,Euro,Rye - prices per 100 kg,Germany,2020,13.88,,
ESTAT:APRI_AP_CRPOUTA$DEFAULTVIEW(1.0),15/05/25 11:00:00,Annual,Euro,Rye - prices per 100 kg,Germany,2021,17.93,,
ESTAT:APRI_AP_CRPOUTA$DEFAULTVIEW(1.0),15/05/25 11:00:00,Annual,Euro,Rye - prices per 100 kg,Germany,2022,28.22,,
ESTAT:APRI_AP_CRPOUTA$DEFAULTVIEW(1.0),15/05/25 11:00:00,Annual,Euro,Rye - prices per 100 kg,Germany,2023,19.04,,
ESTAT:APRI_AP_CRPOUTA$DEFAULTVIEW(1.0),15/05/25 11:00:00,Annual,Euro,Rye - prices per 100 kg,Germany,2024,15.70,,
ESTAT:APRI_AP_CRPOUTA$DEFAULTVIEW(1.0),15/05/25 11:00:00,Annual,Euro,Rye - prices per 100 kg,Denmark,2015,13.21,,
ESTAT:APRI_AP_CRPOUTA$DEFAULTVIEW(1.0),15/05/25 11:00:00,Annual,Euro,Rye - prices per 100 kg,Denmark,2016,12.39,,
ESTAT:APRI_AP_CRPOUTA$DEFAULTVIEW(1.0),15/05/25 11:00:00,Annual,Euro,Rye - prices per 100 kg,Denmark,2017,13.40,,
ESTAT:APRI_AP_CRPOUTA$DEFAULTVIEW(1.0),15/05/25 11:00:00,Annual,Euro,Rye - prices per 100 kg,Denmark,2018,16.01,,
ESTAT:APRI_AP_CRPOUTA$DEFAULTVIEW(1.0),15/05/25 11:00:00,Annual,Euro,Rye - prices per 100 kg,Denmark,2019,15.28,,
ESTAT:APRI_AP_CRPOUTA$DEFAULTVIEW(1.0),15/05/25 11:00:00,Annual,Euro,Rye - prices per 100 kg,Denmark,2020,14.37,,
ESTAT:APRI_AP_CRPOUTA$DEFAULTVIEW(1.0),15/05/25 11:00:00,Annual,Euro,Rye - prices per 100 kg,Denmark,2021,17.07,,
ESTAT:APRI_AP_CRPOUTA$DEFAULTVIEW(1.0),15/05/25 11:00:00,Annual,Euro,Rye - prices per 100 kg,Denmark,2022,25.32,,
ESTAT:APRI_AP_CRPOUTA$DEFAULTVIEW(1.0),15/05/25 11:00:00,Annual,Euro,Rye - prices per 100 kg,Denmark,2023,22.10,,
ESTAT:APRI_AP_CRPOUTA$DEFAULTVIEW(1.0),15/05/25 11:00:00,Annual,Euro,Rye - prices per 100 kg,Denmark,2024,19.50,,
ESTAT:APRI_AP_CRPOUTA$DEFAULTVIEW(1.0),15/05/25 11:00:00,Annual,Euro,Rye - prices per 100 kg,Estonia,2015,12.14,,
ESTAT:APRI_AP_CRPOUTA$DEFAULTVIEW(1.0),15/05/25 11:00:00,Annual,Euro,Rye - prices per 100 kg,Estonia,2016,11.67,,
ESTAT:APRI_AP_CRPOUTA$DEFAULTVIEW(1.0),15/05/25 11:00:00,Annual,Euro,Rye - prices per 100 kg,Estonia,2017,12.43,,
ESTAT:APRI_AP_CRPOUTA$DEFAULTVIEW(1.0),15/05/25 11:00:00,Annual,Euro,Rye - prices per 100 kg,Estonia,2018,14.28,,
ESTAT:APRI_AP_CRPOUTA$DEFAULTVIEW(1.0),15/05/25 11:00:00,Annual,Euro,Rye - prices per 100 kg,Estonia,2019,13.65,,
ESTAT:APRI_AP_CRPOUTA$DEFAULTVIEW(1.0),15/05/25 11:00:00,Annual,Euro,Rye - prices per 100 kg,Estonia,2020,11.88,,
ESTAT:APRI_AP_CRPOUTA$DEFAULTVIEW(1.0),15/05/25 11:00:00,Annual,Euro,Rye - prices per 100 kg,Estonia,2021,15.30,,
ESTAT:APRI_AP_CRPOUTA$DEFAULTVIEW(1.0),15/05/25 11:00:00,Annual,Euro,Rye - prices per 100 kg,Estonia,2022,24.81,,
ESTAT:APRI_AP_CRPOUTA$DEFAULTVIEW(1.0),15/05/25 11:00:00,Annual,Euro,Rye - prices per 100 kg,Estonia,2023,16.78,,
ESTAT:APRI_AP_CRPOUTA$DEFAULTVIEW(1.0),15/05/25 11:00:00,Annual,Euro,Rye - prices per 100 kg,Estonia,2024,14.65,,
ESTAT:APRI_AP_CRPOUTA$DEFAULTVIEW(1.0),15/05/25 11:00:00,Annual,Euro,Rye - prices per 100 kg,Greece,2015,12.34,,
ESTAT:APRI_AP_CRPOUTA$DEFAULTVIEW(1.0),15/05/25 11:00:00,Annual,Euro,Rye - prices per 100 kg,Greece,2016,13.15,,
ESTAT:APRI_AP_CRPOUTA$DEFAULTVIEW(1.0),15/05/25 11:00:00,Annual,Euro,Rye - prices per 100 kg,Greece,2017,12.71,,
ESTAT:APRI_AP_CRPOUTA$DEFAULTVIEW(1.0),15/05/25 11:00:00,Annual,Euro,Rye - prices per 100 kg,Greece,2018,13.79,,
ESTAT:APRI_AP_CRPOUTA$DEFAULTVIEW(1.0),15/05/25 11:00:00,Annual,Euro,Rye - prices per 100 kg,Greece,2019,16.22,,
ESTAT:APRI_AP_CRPOUTA$DEFAULTVIEW(1.0),15/05/25 11:00:00,Annual,Euro,Rye - prices per 100 kg,Greece,2020,15.88,,
ESTAT:APRI_AP_CRPOUTA$DEFAULTVIEW(1.0),15/05/25 11:00:00,Annual,Euro,Rye - prices per 100 kg,Greece,2021,17.35,,
ESTAT:APRI_AP_CRPOUTA$DEFAULTVIEW(1.0),15/05/25 11:00:00,Annual,Euro,Rye - prices per 100 kg,Greece,2022,26.25,,
ESTAT:APRI_AP_CRPOUTA$DEFAULTVIEW(1.0),15/05/25 11:00:00,Annual,Euro,Rye - prices per 100 kg,Greece,2023,17.69,,
ESTAT:APRI_AP_CRPOUTA$DEFAULTVIEW(1.0),15/05/25 11:00:00,Annual,Euro,Rye - prices per 100 kg,Greece,2024,16.78,,
ESTAT:APRI_AP_CRPOUTA$DEFAULTVIEW(1.0),15/05/25 11:00:00,Annual,Euro,Rye - prices per 100 kg,Spain,2015,16.38,,
ESTAT:APRI_AP_CRPOUTA$DEFAULTVIEW(1.0),15/05/25 11:00:00,Annual,Euro,Rye - prices per 100 kg,Spain,2016,13.46,,
ESTAT:APRI_AP_CRPOUTA$DEFAULTVIEW(1.0),15/05/25 11:00:00,Annual,Euro,Rye - prices per 100 kg,Spain,2017,15.66,,
ESTAT:APRI_AP_CRPOUTA$DEFAULTVIEW(1.0),15/05/25 11:00:00,Annual,Euro,Rye - prices per 100 kg,Spain,2018,16.32,,
ESTAT:APRI_AP_CRPOUTA$DEFAULTVIEW(1.0),15/05/25 11:00:00,Annual,Euro,Rye - prices per 100 kg,Spain,2019,16.33,,
ESTAT:APRI_AP_CRPOUTA$DEFAULTVIEW(1.0),15/05/25 11:00:00,Annual,Euro,Rye - prices per 100 kg,Spain,2020,15.21,,
ESTAT:APRI_AP_CRPOUTA$DEFAULTVIEW(1.0),15/05/25 11:00:00,Annual,Euro,Rye - prices per 100 kg,Spain,2021,20.01,,
ESTAT:APRI_AP_CRPOUTA$DEFAULTVIEW(1.0),15/05/25 11:00:00,Annual,Euro,Rye - prices per 100 kg,Spain,2022,30.94,,
ESTAT:APRI_AP_CRPOUTA$DEFAULTVIEW(1.0),15/05/25 11:00:00,Annual,Euro,Rye - prices per 100 kg,Spain,2023,23.56,,
ESTAT:APRI_AP_CRPOUTA$DEFAULTVIEW(1.0),15/05/25 11:00:00,Annual,Euro,Rye - prices per 100 kg,Spain,2024,18.28,,
ESTAT:APRI_AP_CRPOUTA$DEFAULTVIEW(1.0),15/05/25 11:00:00,Annual,Euro,Rye - prices per 100 kg,Finland,2015,18.87,,
ESTAT:APRI_AP_CRPOUTA$DEFAULTVIEW(1.0),15/05/25 11:00:00,Annual,Euro,Rye - prices per 100 kg,Finland,2016,16.89,,
ESTAT:APRI_AP_CRPOUTA$DEFAULTVIEW(1.0),15/05/25 11:00:00,Annual,Euro,Rye - prices per 100 kg,Finland,2017,16.20,,
ESTAT:APRI_AP_CRPOUTA$DEFAULTVIEW(1.0),15/05/25 11:00:00,Annual,Euro,Rye - prices per 100 kg,Finland,2018,17.71,,
ESTAT:APRI_AP_CRPOUTA$DEFAULTVIEW(1.0),15/05/25 11:00:00,Annual,Euro,Rye - prices per 100 kg,Finland,2019,16.66,,
ESTAT:APRI_AP_CRPOUTA$DEFAULTVIEW(1.0),15/05/25 11:00:00,Annual,Euro,Rye - prices per 100 kg,Finland,2020,15.65,,
ESTAT:APRI_AP_CRPOUTA$DEFAULTVIEW(1.0),15/05/25 11:00:00,Annual,Euro,Rye - prices per 100 kg,Finland,2021,16.63,,
ESTAT:APRI_AP_CRPOUTA$DEFAULTVIEW(1.0),15/05/25 11:00:00,Annual,Euro,Rye - prices per 100 kg,Finland,2022,29.32,,
ESTAT:APRI_AP_CRPOUTA$DEFAULTVIEW(1.0),15/05/25 11:00:00,Annual,Euro,Rye - prices per 100 kg,Finland,2023,29.30,,
ESTAT:APRI_AP_CRPOUTA$DEFAULTVIEW(1.0),15/05/25 11:00:00,Annual,Euro,Rye - prices per 100 kg,Finland,2024,23.37,,
ESTAT:APRI_AP_CRPOUTA$DEFAULTVIEW(1.0),15/05/25 11:00:00,Annual,Euro,Rye - prices per 100 kg,Croatia,2015,15.28,,
ESTAT:APRI_AP_CRPOUTA$DEFAULTVIEW(1.0),15/05/25 11:00:00,Annual,Euro,Rye - prices per 100 kg,Croatia,2016,11.88,,
ESTAT:APRI_AP_CRPOUTA$DEFAULTVIEW(1.0),15/05/25 11:00:00,Annual,Euro,Rye - prices per 100 kg,Croatia,2017,14.84,,
ESTAT:APRI_AP_CRPOUTA$DEFAULTVIEW(1.0),15/05/25 11:00:00,Annual,Euro,Rye - prices per 100 kg,Croatia,2018,15.03,,
ESTAT:APRI_AP_CRPOUTA$DEFAULTVIEW(1.0),15/05/25 11:00:00,Annual,Euro,Rye - prices per 100 kg,Croatia,2019,15.11,,
ESTAT:APRI_AP_CRPOUTA$DEFAULTVIEW(1.0),15/05/25 11:00:00,Annual,Euro,Rye - prices per 100 kg,Croatia,2020,13.64,,
ESTAT:APRI_AP_CRPOUTA$DEFAULTVIEW(1.0),15/05/25 11:00:00,Annual,Euro,Rye - prices per 100 kg,Croatia,2021,17.25,,
ESTAT:APRI_AP_CRPOUTA$DEFAULTVIEW(1.0),15/05/25 11:00:00,Annual,Euro,Rye - prices per 100 kg,Croatia,2022,23.78,,
ESTAT:APRI_AP_CRPOUTA$DEFAULTVIEW(1.0),15/05/25 11:00:00,Annual,Euro,Rye - prices per 100 kg,Croatia,2023,24.15,,
ESTAT:APRI_AP_CRPOUTA$DEFAULTVIEW(1.0),15/05/25 11:00:00,Annual,Euro,Rye - prices per 100 kg,Croatia,2024,15.51,,
ESTAT:APRI_AP_CRPOUTA$DEFAULTVIEW(1.0),15/05/25 11:00:00,Annual,Euro,Rye - prices per 100 kg,Hungary,2015,12.61,,
ESTAT:APRI_AP_CRPOUTA$DEFAULTVIEW(1.0),15/05/25 11:00:00,Annual,Euro,Rye - prices per 100 kg,Hungary,2016,11.46,,
ESTAT:APRI_AP_CRPOUTA$DEFAULTVIEW(1.0),15/05/25 11:00:00,Annual,Euro,Rye - prices per 100 kg,Hungary,2017,11.98,,
ESTAT:APRI_AP_CRPOUTA$DEFAULTVIEW(1.0),15/05/25 11:00:00,Annual,Euro,Rye - prices per 100 kg,Hungary,2018,14.46,,
ESTAT:APRI_AP_CRPOUTA$DEFAULTVIEW(1.0),15/05/25 11:00:00,Annual,Euro,Rye - prices per 100 kg,Hungary,2019,14.31,,
ESTAT:APRI_AP_CRPOUTA$DEFAULTVIEW(1.0),15/05/25 11:00:00,Annual,Euro,Rye - prices per 100 kg,Hungary,2020,12.45,,
ESTAT:APRI_AP_CRPOUTA$DEFAULTVIEW(1.0),15/05/25 11:00:00,Annual,Euro,Rye - prices per 100 kg,Hungary,2021,16.17,,
ESTAT:APRI_AP_CRPOUTA$DEFAULTVIEW(1.0),15/05/25 11:00:00,Annual,Euro,Rye - prices per 100 kg,Hungary,2022,29.63,,
ESTAT:APRI_AP_CRPOUTA$DEFAULTVIEW(1.0),15/05/25 11:00:00,Annual,Euro,Rye - prices per 100 kg,Hungary,2023,13.96,,
ESTAT:APRI_AP_CRPOUTA$DEFAULTVIEW(1.0),15/05/25 11:00:00,Annual,Euro,Rye - prices per 100 kg,Hungary,2024,14.48,,
ESTAT:APRI_AP_CRPOUTA$DEFAULTVIEW(1.0),15/05/25 11:00:00,Annual,Euro,Rye - prices per 100 kg,Lithuania,2015,11.40,,
ESTAT:APRI_AP_CRPOUTA$DEFAULTVIEW(1.0),15/05/25 11:00:00,Annual,Euro,Rye - prices per 100 kg,Lithuania,2016,10.97,,
ESTAT:APRI_AP_CRPOUTA$DEFAULTVIEW(1.0),15/05/25 11:00:00,Annual,Euro,Rye - prices per 100 kg,Lithuania,2017,12.39,,
ESTAT:APRI_AP_CRPOUTA$DEFAULTVIEW(1.0),15/05/25 11:00:00,Annual,Euro,Rye - prices per 100 kg,Lithuania,2018,14.12,,
ESTAT:APRI_AP_CRPOUTA$DEFAULTVIEW(1.0),15/05/25 11:00:00,Annual,Euro,Rye - prices per 100 kg,Lithuania,2019,11.94,,
ESTAT:APRI_AP_CRPOUTA$DEFAULTVIEW(1.0),15/05/25 11:00:00,Annual,Euro,Rye - prices per 100 kg,Lithuania,2020,11.39,,
ESTAT:APRI_AP_CRPOUTA$DEFAULTVIEW(1.0),15/05/25 11:00:00,Annual,Euro,Rye - prices per 100 kg,Lithuania,2021,14.28,,
ESTAT:APRI_AP_CRPOUTA$DEFAULTVIEW(1.0),15/05/25 11:00:00,Annual,Euro,Rye - prices per 100 kg,Lithuania,2022,24.05,,
ESTAT:APRI_AP_CRPOUTA$DEFAULTVIEW(1.0),15/05/25 11:00:00,Annual,Euro,Rye - prices per 100 kg,Lithuania,2023,14.45,,
ESTAT:APRI_AP_CRPOUTA$DEFAULTVIEW(1.0),15/05/25 11:00:00,Annual,Euro,Rye - prices per 100 kg,Lithuania,2024,13.14,,
ESTAT:APRI_AP_CRPOUTA$DEFAULTVIEW(1.0),15/05/25 11:00:00,Annual,Euro,Rye - prices per 100 kg,Luxembourg,2015,13.02,,
ESTAT:APRI_AP_CRPOUTA$DEFAULTVIEW(1.0),15/05/25 11:00:00,Annual,Euro,Rye - prices per 100 kg,Luxembourg,2016,11.44,,
ESTAT:APRI_AP_CRPOUTA$DEFAULTVIEW(1.0),15/05/25 11:00:00,Annual,Euro,Rye - prices per 100 kg,Luxembourg,2017,12.72,,
ESTAT:APRI_AP_CRPOUTA$DEFAULTVIEW(1.0),15/05/25 11:00:00,Annual,Euro,Rye - prices per 100 kg,Luxembourg,2018,15.65,,
ESTAT:APRI_AP_CRPOUTA$DEFAULTVIEW(1.0),15/05/25 11:00:00,Annual,Euro,Rye - prices per 100 kg,Luxembourg,2019,12.75,,
ESTAT:APRI_AP_CRPOUTA$DEFAULTVIEW(1.0),15/05/25 11:00:00,Annual,Euro,Rye - prices per 100 kg,Luxembourg,2020,13.54,,
ESTAT:APRI_AP_CRPOUTA$DEFAULTVIEW(1.0),15/05/25 11:00:00,Annual,Euro,Rye - prices per 100 kg,Luxembourg,2021,,,C
ESTAT:APRI_AP_CRPOUTA$DEFAULTVIEW(1.0),15/05/25 11:00:00,Annual,Euro,Rye - prices per 100 kg,Luxembourg,2022,,,C
ESTAT:APRI_AP_CRPOUTA$DEFAULTVIEW(1.0),15/05/25 11:00:00,Annual,Euro,Rye - prices per 100 kg,Luxembourg,2023,,,C
ESTAT:APRI_AP_CRPOUTA$DEFAULTVIEW(1.0),15/05/25 11:00:00,Annual,Euro,Rye - prices per 100 kg,Luxembourg,2024,,,C
ESTAT:APRI_AP_CRPOUTA$DEFAULTVIEW(1.0),15/05/25 11:00:00,Annual,Euro,Rye - prices per 100 kg,Latvia,2015,11.73,,
ESTAT:APRI_AP_CRPOUTA$DEFAULTVIEW(1.0),15/05/25 11:00:00,Annual,Euro,Rye - prices per 100 kg,Latvia,2016,10.81,,
ESTAT:APRI_AP_CRPOUTA$DEFAULTVIEW(1.0),15/05/25 11:00:00,Annual,Euro,Rye - prices per 100 kg,Latvia,2017,11.74,,
ESTAT:APRI_AP_CRPOUTA$DEFAULTVIEW(1.0),15/05/25 11:00:00,Annual,Euro,Rye - prices per 100 kg,Latvia,2018,14.19,,
ESTAT:APRI_AP_CRPOUTA$DEFAULTVIEW(1.0),15/05/25 11:00:00,Annual,Euro,Rye - prices per 100 kg,Latvia,2019,12.27,,
ESTAT:APRI_AP_CRPOUTA$DEFAULTVIEW(1.0),15/05/25 11:00:00,Annual,Euro,Rye - prices per 100 kg,Latvia,2020,11.69,,
ESTAT:APRI_AP_CRPOUTA$DEFAULTVIEW(1.0),15/05/25 11:00:00,Annual,Euro,Rye - prices per 100 kg,Latvia,2021,15.25,,
ESTAT:APRI_AP_CRPOUTA$DEFAULTVIEW(1.0),15/05/25 11:00:00,Annual,Euro,Rye - prices per 100 kg,Latvia,2022,24.01,,
ESTAT:APRI_AP_CRPOUTA$DEFAULTVIEW(1.0),15/05/25 11:00:00,Annual,Euro,Rye - prices per 100 kg,Latvia,2023,16.49,,
ESTAT:APRI_AP_CRPOUTA$DEFAULTVIEW(1.0),15/05/25 11:00:00,Annual,Euro,Rye - prices per 100 kg,Latvia,2024,12.95,p,
ESTAT:APRI_AP_CRPOUTA$DEFAULTVIEW(1.0),15/05/25 11:00:00,Annual,Euro,Rye - prices per 100 kg,Poland,2015,12.31,,
ESTAT:APRI_AP_CRPOUTA$DEFAULTVIEW(1.0),15/05/25 11:00:00,Annual,Euro,Rye - prices per 100 kg,Poland,2016,11.87,,
ESTAT:APRI_AP_CRPOUTA$DEFAULTVIEW(1.0),15/05/25 11:00:00,Annual,Euro,Rye - prices per 100 kg,Poland,2017,12.88,,
ESTAT:APRI_AP_CRPOUTA$DEFAULTVIEW(1.0),15/05/25 11:00:00,Annual,Euro,Rye - prices per 100 kg,Poland,2018,14.00,,
ESTAT:APRI_AP_CRPOUTA$DEFAULTVIEW(1.0),15/05/25 11:00:00,Annual,Euro,Rye - prices per 100 kg,Poland,2019,14.05,p,
ESTAT:APRI_AP_CRPOUTA$DEFAULTVIEW(1.0),15/05/25 11:00:00,Annual,Euro,Rye - prices per 100 kg,Poland,2020,12.60,p,
ESTAT:APRI_AP_CRPOUTA$DEFAULTVIEW(1.0),15/05/25 11:00:00,Annual,Euro,Rye - prices per 100 kg,Poland,2021,16.51,p,
ESTAT:APRI_AP_CRPOUTA$DEFAULTVIEW(1.0),15/05/25 11:00:00,Annual,Euro,Rye - prices per 100 kg,Poland,2022,25.78,,
ESTAT:APRI_AP_CRPOUTA$DEFAULTVIEW(1.0),15/05/25 11:00:00,Annual,Euro,Rye - prices per 100 kg,Poland,2023,15.96,,
ESTAT:APRI_AP_CRPOUTA$DEFAULTVIEW(1.0),15/05/25 11:00:00,Annual,Euro,Rye - prices per 100 kg,Poland,2024,13.78,,
ESTAT:APRI_AP_CRPOUTA$DEFAULTVIEW(1.0),15/05/25 11:00:00,Annual,Euro,Rye - prices per 100 kg,Portugal,2015,19.69,,
ESTAT:APRI_AP_CRPOUTA$DEFAULTVIEW(1.0),15/05/25 11:00:00,Annual,Euro,Rye - prices per 100 kg,Portugal,2016,20.00,,
ESTAT:APRI_AP_CRPOUTA$DEFAULTVIEW(1.0),15/05/25 11:00:00,Annual,Euro,Rye - prices per 100 kg,Portugal,2017,19.00,,
ESTAT:APRI_AP_CRPOUTA$DEFAULTVIEW(1.0),15/05/25 11:00:00,Annual,Euro,Rye - prices per 100 kg,Portugal,2018,18.84,,
ESTAT:APRI_AP_CRPOUTA$DEFAULTVIEW(1.0),15/05/25 11:00:00,Annual,Euro,Rye - prices per 100 kg,Portugal,2019,17.00,,
ESTAT:APRI_AP_CRPOUTA$DEFAULTVIEW(1.0),15/05/25 11:00:00,Annual,Euro,Rye - prices per 100 kg,Portugal,2020,16.00,,
ESTAT:APRI_AP_CRPOUTA$DEFAULTVIEW(1.0),15/05/25 11:00:00,Annual,Euro,Rye - prices per 100 kg,Portugal,2021,18.00,,
ESTAT:APRI_AP_CRPOUTA$DEFAULTVIEW(1.0),15/05/25 11:00:00,Annual,Euro,Rye - prices per 100 kg,Portugal,2022,26.96,,
ESTAT:APRI_AP_CRPOUTA$DEFAULTVIEW(1.0),15/05/25 11:00:00,Annual,Euro,Rye - prices per 100 kg,Portugal,2023,27.50,,
ESTAT:APRI_AP_CRPOUTA$DEFAULTVIEW(1.0),15/05/25 11:00:00,Annual,Euro,Rye - prices per 100 kg,Portugal,2024,21.75,,
ESTAT:APRI_AP_CRPOUTA$DEFAULTVIEW(1.0),15/05/25 11:00:00,Annual,Euro,Rye - prices per 100 kg,Sweden,2015,12.12,,
ESTAT:APRI_AP_CRPOUTA$DEFAULTVIEW(1.0),15/05/25 11:00:00,Annual,Euro,Rye - prices per 100 kg,Sweden,2016,12.44,,
ESTAT:APRI_AP_CRPOUTA$DEFAULTVIEW(1.0),15/05/25 11:00:00,Annual,Euro,Rye - prices per 100 kg,Sweden,2017,12.84,,
ESTAT:APRI_AP_CRPOUTA$DEFAULTVIEW(1.0),15/05/25 11:00:00,Annual,Euro,Rye - prices per 100 kg,Sweden,2018,17.60,,
ESTAT:APRI_AP_CRPOUTA$DEFAULTVIEW(1.0),15/05/25 11:00:00,Annual,Euro,Rye - prices per 100 kg,Sweden,2019,12.76,,
ESTAT:APRI_AP_CRPOUTA$DEFAULTVIEW(1.0),15/05/25 11:00:00,Annual,Euro,Rye - prices per 100 kg,Sweden,2020,12.16,,
ESTAT:APRI_AP_CRPOUTA$DEFAULTVIEW(1.0),15/05/25 11:00:00,Annual,Euro,Rye - prices per 100 kg,Sweden,2021,16.35,,
ESTAT:APRI_AP_CRPOUTA$DEFAULTVIEW(1.0),15/05/25 11:00:00,Annual,Euro,Rye - prices per 100 kg,Sweden,2022,27.17,,
ESTAT:APRI_AP_CRPOUTA$DEFAULTVIEW(1.0),15/05/25 11:00:00,Annual,Euro,Rye - prices per 100 kg,Sweden,2023,18.76,,
ESTAT:APRI_AP_CRPOUTA$DEFAULTVIEW(1.0),15/05/25 11:00:00,Annual,Euro,Rye - prices per 100 kg,Sweden,2024,15.52,,
ESTAT:APRI_AP_CRPOUTA$DEFAULTVIEW(1.0),15/05/25 11:00:00,Annual,Euro,Rye - prices per 100 kg,Slovenia,2015,14.98,,
ESTAT:APRI_AP_CRPOUTA$DEFAULTVIEW(1.0),15/05/25 11:00:00,Annual,Euro,Rye - prices per 100 kg,Slovenia,2016,14.28,,
ESTAT:APRI_AP_CRPOUTA$DEFAULTVIEW(1.0),15/05/25 11:00:00,Annual,Euro,Rye - prices per 100 kg,Slovenia,2017,,,C
ESTAT:APRI_AP_CRPOUTA$DEFAULTVIEW(1.0),15/05/25 11:00:00,Annual,Euro,Rye - prices per 100 kg,Slovenia,2018,,,C
ESTAT:APRI_AP_CRPOUTA$DEFAULTVIEW(1.0),15/05/25 11:00:00,Annual,Euro,Rye - prices per 100 kg,Slovenia,2019,,,C
ESTAT:APRI_AP_CRPOUTA$DEFAULTVIEW(1.0),15/05/25 11:00:00,Annual,Euro,Rye - prices per 100 kg,Slovenia,2020,15.46,,
ESTAT:APRI_AP_CRPOUTA$DEFAULTVIEW(1.0),15/05/25 11:00:00,Annual,Euro,Rye - prices per 100 kg,Slovenia,2021,19.03,,
ESTAT:APRI_AP_CRPOUTA$DEFAULTVIEW(1.0),15/05/25 11:00:00,Annual,Euro,Rye - prices per 100 kg,Slovenia,2022,31.60,,
ESTAT:APRI_AP_CRPOUTA$DEFAULTVIEW(1.0),15/05/25 11:00:00,Annual,Euro,Rye - prices per 100 kg,Slovenia,2023,17.43,,
ESTAT:APRI_AP_CRPOUTA$DEFAULTVIEW(1.0),15/05/25 11:00:00,Annual,Euro,Rye - prices per 100 kg,Slovenia,2024,18.19,,
ESTAT:APRI_AP_CRPOUTA$DEFAULTVIEW(1.0),15/05/25 11:00:00,Annual,Euro,Rye - prices per 100 kg,Slovakia,2015,13.05,,
ESTAT:APRI_AP_CRPOUTA$DEFAULTVIEW(1.0),15/05/25 11:00:00,Annual,Euro,Rye - prices per 100 kg,Slovakia,2016,11.53,,
ESTAT:APRI_AP_CRPOUTA$DEFAULTVIEW(1.0),15/05/25 11:00:00,Annual,Euro,Rye - prices per 100 kg,Slovakia,2017,13.70,,
ESTAT:APRI_AP_CRPOUTA$DEFAULTVIEW(1.0),15/05/25 11:00:00,Annual,Euro,Rye - prices per 100 kg,Slovakia,2018,14.18,,
ESTAT:APRI_AP_CRPOUTA$DEFAULTVIEW(1.0),15/05/25 11:00:00,Annual,Euro,Rye - prices per 100 kg,Slovakia,2019,14.13,,
ESTAT:APRI_AP_CRPOUTA$DEFAULTVIEW(1.0),15/05/25 11:00:00,Annual,Euro,Rye - prices per 100 kg,Slovakia,2020,13.61,,
ESTAT:APRI_AP_CRPOUTA$DEFAULTVIEW(1.0),15/05/25 11:00:00,Annual,Euro,Rye - prices per 100 kg,Slovakia,2021,14.51,,
ESTAT:APRI_AP_CRPOUTA$DEFAULTVIEW(1.0),15/05/25 11:00:00,Annual,Euro,Rye - prices per 100 kg,Slovakia,2022,25.13,,
ESTAT:APRI_AP_CRPOUTA$DEFAULTVIEW(1.0),15/05/25 11:00:00,Annual,Euro,Rye - prices per 100 kg,Slovakia,2023,19.54,,
ESTAT:APRI_AP_CRPOUTA$DEFAULTVIEW(1.0),15/05/25 11:00:00,Annual,Euro,Rye - prices per 100 kg,Slovakia,2024,15.31,,
ESTAT:APRI_AP_CRPOUTA$DEFAULTVIEW(1.0),15/05/25 11:00:00,Annual,Euro,Barley - prices per 100 kg,Austria,2015,,m,
ESTAT:APRI_AP_CRPOUTA$DEFAULTVIEW(1.0),15/05/25 11:00:00,Annual,Euro,Barley - prices per 100 kg,Belgium,2015,14.23,,
ESTAT:APRI_AP_CRPOUTA$DEFAULTVIEW(1.0),15/05/25 11:00:00,Annual,Euro,Barley - prices per 100 kg,Belgium,2016,11.82,,
ESTAT:APRI_AP_CRPOUTA$DEFAULTVIEW(1.0),15/05/25 11:00:00,Annual,Euro,Barley - prices per 100 kg,Belgium,2017,13.22,,
ESTAT:APRI_AP_CRPOUTA$DEFAULTVIEW(1.0),15/05/25 11:00:00,Annual,Euro,Barley - prices per 100 kg,Belgium,2018,17.76,,
ESTAT:APRI_AP_CRPOUTA$DEFAULTVIEW(1.0),15/05/25 11:00:00,Annual,Euro,Barley - prices per 100 kg,Belgium,2019,14.12,,
ESTAT:APRI_AP_CRPOUTA$DEFAULTVIEW(1.0),15/05/25 11:00:00,Annual,Euro,Barley - prices per 100 kg,Belgium,2020,15.51,,
ESTAT:APRI_AP_CRPOUTA$DEFAULTVIEW(1.0),15/05/25 11:00:00,Annual,Euro,Barley - prices per 100 kg,Belgium,2021,22.32,,
ESTAT:APRI_AP_CRPOUTA$DEFAULTVIEW(1.0),15/05/25 11:00:00,Annual,Euro,Barley - prices per 100 kg,Belgium,2022,27.21,,
ESTAT:APRI_AP_CRPOUTA$DEFAULTVIEW(1.0),15/05/25 11:00:00,Annual,Euro,Barley - prices per 100 kg,Belgium,2024,17.40,,
ESTAT:APRI_AP_CRPOUTA$DEFAULTVIEW(1.0),15/05/25 11:00:00,Annual,Euro,Barley - prices per 100 kg,Bulgaria,2015,15.50,,
ESTAT:APRI_AP_CRPOUTA$DEFAULTVIEW(1.0),15/05/25 11:00:00,Annual,Euro,Barley - prices per 100 kg,Bulgaria,2016,14.07,,
ESTAT:APRI_AP_CRPOUTA$DEFAULTVIEW(1.0),15/05/25 11:00:00,Annual,Euro,Barley - prices per 100 kg,Bulgaria,2017,13.71,,
ESTAT:APRI_AP_CRPOUTA$DEFAULTVIEW(1.0),15/05/25 11:00:00,Annual,Euro,Barley - prices per 100 kg,Bulgaria,2018,14.96,,
ESTAT:APRI_AP_CRPOUTA$DEFAULTVIEW(1.0),15/05/25 11:00:00,Annual,Euro,Barley - prices per 100 kg,Bulgaria,2019,14.74,,
ESTAT:APRI_AP_CRPOUTA$DEFAULTVIEW(1.0),15/05/25 11:00:00,Annual,Euro,Barley - prices per 100 kg,Bulgaria,2020,14.70,,
ESTAT:APRI_AP_CRPOUTA$DEFAULTVIEW(1.0),15/05/25 11:00:00,Annual,Euro,Barley - prices per 100 kg,Bulgaria,2021,17.93,,
ESTAT:APRI_AP_CRPOUTA$DEFAULTVIEW(1.0),15/05/25 11:00:00,Annual,Euro,Barley - prices per 100 kg,Bulgaria,2022,28.95,,
ESTAT:APRI_AP_CRPOUTA$DEFAULTVIEW(1.0),15/05/25 11:00:00,Annual,Euro,Barley - prices per 100 kg,Bulgaria,2023,19.37,,
ESTAT:APRI_AP_CRPOUTA$DEFAULTVIEW(1.0),15/05/25 11:00:00,Annual,Euro,Barley - prices per 100 kg,Bulgaria,2024,16.44,,
ESTAT:APRI_AP_CRPOUTA$DEFAULTVIEW(1.0),15/05/25 11:00:00,Annual,Euro,Barley - prices per 100 kg,Cyprus,2015,18.59,,
ESTAT:APRI_AP_CRPOUTA$DEFAULTVIEW(1.0),15/05/25 11:00:00,Annual,Euro,Barley - prices per 100 kg,Cyprus,2016,29.70,,
ESTAT:APRI_AP_CRPOUTA$DEFAULTVIEW(1.0),15/05/25 11:00:00,Annual,Euro,Barley - prices per 100 kg,Cyprus,2017,17.32,,
ESTAT:APRI_AP_CRPOUTA$DEFAULTVIEW(1.0),15/05/25 11:00:00,Annual,Euro,Barley - prices per 100 kg,Cyprus,2018,18.90,,
ESTAT:APRI_AP_CRPOUTA$DEFAULTVIEW(1.0),15/05/25 11:00:00,Annual,Euro,Barley - prices per 100 kg,Cyprus,2019,19.93,,
ESTAT:APRI_AP_CRPOUTA$DEFAULTVIEW(1.0),15/05/25 11:00:00,Annual,Euro,Barley - prices per 100 kg,Cyprus,2020,17.75,,
ESTAT:APRI_AP_CRPOUTA$DEFAULTVIEW(1.0),15/05/25 11:00:00,Annual,Euro,Barley - prices per 100 kg,Cyprus,2021,22.11,,
ESTAT:APRI_AP_CRPOUTA$DEFAULTVIEW(1.0),15/05/25 11:00:00,Annual,Euro,Barley - prices per 100 kg,Cyprus,2022,36.62,,
ESTAT:APRI_AP_CRPOUTA$DEFAULTVIEW(1.0),15/05/25 11:00:00,Annual,Euro,Barley - prices per 100 kg,Cyprus,2023,28.00,,
ESTAT:APRI_AP_CRPOUTA$DEFAULTVIEW(1.0),15/05/25 11:00:00,Annual,Euro,Barley - prices per 100 kg,Cyprus,2024,23.54,,
ESTAT:APRI_AP_CRPOUTA$DEFAULTVIEW(1.0),15/05/25 11:00:00,Annual,Euro,Barley - prices per 100 kg,Czechia,2015,16.61,,
ESTAT:APRI_AP_CRPOUTA$DEFAULTVIEW(1.0),15/05/25 11:00:00,Annual,Euro,Barley - prices per 100 kg,Czechia,2016,14.91,,
ESTAT:APRI_AP_CRPOUTA$DEFAULTVIEW(1.0),15/05/25 11:00:00,Annual,Euro,Barley - prices per 100 kg,Czechia,2017,14.51,,
ESTAT:APRI_AP_CRPOUTA$DEFAULTVIEW(1.0),15/05/25 11:00:00,Annual,Euro,Barley - prices per 100 kg,Czechia,2018,15.32,,
ESTAT:APRI_AP_CRPOUTA$DEFAULTVIEW(1.0),15/05/25 11:00:00,Annual,Euro,Barley - prices per 100 kg,Czechia,2019,17.41,,
ESTAT:APRI_AP_CRPOUTA$DEFAULTVIEW(1.0),15/05/25 11:00:00,Annual,Euro,Barley - prices per 100 kg,Czechia,2020,15.91,,
ESTAT:APRI_AP_CRPOUTA$DEFAULTVIEW(1.0),15/05/25 11:00:00,Annual,Euro,Barley - prices per 100 kg,Czechia,2021,16.69,,
ESTAT:APRI_AP_CRPOUTA$DEFAULTVIEW(1.0),15/05/25 11:00:00,Annual,Euro,Barley - prices per 100 kg,Czechia,2022,27.60,,
ESTAT:APRI_AP_CRPOUTA$DEFAULTVIEW(1.0),15/05/25 11:00:00,Annual,Euro,Barley - prices per 100 kg,Czechia,2023,26.00,,
ESTAT:APRI_AP_CRPOUTA$DEFAULTVIEW(1.0),15/05/25 11:00:00,Annual,Euro,Barley - prices per 100 kg,Czechia,2024,22.85,,
ESTAT:APRI_AP_CRPOUTA$DEFAULTVIEW(1.0),15/05/25 11:00:00,Annual,Euro,Barley - prices per 100 kg,Germany,2016,12.60,,
ESTAT:APRI_AP_CRPOUTA$DEFAULTVIEW(1.0),15/05/25 11:00:00,Annual,Euro,Barley - prices per 100 kg,Germany,2017,13.61,,
ESTAT:APRI_AP_CRPOUTA$DEFAULTVIEW(1.0),15/05/25 11:00:00,Annual,Euro,Barley - prices per 100 kg,Germany,2018,16.55,,
ESTAT:APRI_AP_CRPOUTA$DEFAULTVIEW(1.0),15/05/25 11:00:00,Annual,Euro,Barley - prices per 100 kg,Germany,2019,15.69,,
ESTAT:APRI_AP_CRPOUTA$DEFAULTVIEW(1.0),15/05/25 11:00:00,Annual,Euro,Barley - prices per 100 kg,Germany,2020,15.03,,
ESTAT:APRI_AP_CRPOUTA$DEFAULTVIEW(1.0),15/05/25 11:00:00,Annual,Euro,Barley - prices per 100 kg,Germany,2021,19.84,,
ESTAT:APRI_AP_CRPOUTA$DEFAULTVIEW(1.0),15/05/25 11:00:00,Annual,Euro,Barley - prices per 100 kg,Germany,2022,28.58,,
ESTAT:APRI_AP_CRPOUTA$DEFAULTVIEW(1.0),15/05/25 11:00:00,Annual,Euro,Barley - prices per 100 kg,Germany,2023,18.97,,
ESTAT:APRI_AP_CRPOUTA$DEFAULTVIEW(1.0),15/05/25 11:00:00,Annual,Euro,Barley - prices per 100 kg,Germany,2024,20.38,,
ESTAT:APRI_AP_CRPOUTA$DEFAULTVIEW(1.0),15/05/25 11:00:00,Annual,Euro,Barley - prices per 100 kg,Denmark,2015,16.16,,
ESTAT:APRI_AP_CRPOUTA$DEFAULTVIEW(1.0),15/05/25 11:00:00,Annual,Euro,Barley - prices per 100 kg,Denmark,2016,13.97,,
ESTAT:APRI_AP_CRPOUTA$DEFAULTVIEW(1.0),15/05/25 11:00:00,Annual,Euro,Barley - prices per 100 kg,Denmark,2017,14.76,,
ESTAT:APRI_AP_CRPOUTA$DEFAULTVIEW(1.0),15/05/25 11:00:00,Annual,Euro,Barley - prices per 100 kg,Denmark,2018,17.24,,
ESTAT:APRI_AP_CRPOUTA$DEFAULTVIEW(1.0),15/05/25 11:00:00,Annual,Euro,Barley - prices per 100 kg,Denmark,2019,17.30,,
ESTAT:APRI_AP_CRPOUTA$DEFAULTVIEW(1.0),15/05/25 11:00:00,Annual,Euro,Barley - prices per 100 kg,Denmark,2020,15.47,,
ESTAT:APRI_AP_CRPOUTA$DEFAULTVIEW(1.0),15/05/25 11:00:00,Annual,Euro,Barley - prices per 100 kg,Denmark,2021,18.49,,
ESTAT:APRI_AP_CRPOUTA$DEFAULTVIEW(1.0),15/05/25 11:00:00,Annual,Euro,Barley - prices per 100 kg,Denmark,2022,27.25,,
ESTAT:APRI_AP_CRPOUTA$DEFAULTVIEW(1.0),15/05/25 11:00:00,Annual,Euro,Barley - prices per 100 kg,Denmark,2023,25.15,,
ESTAT:APRI_AP_CRPOUTA$DEFAULTVIEW(1.0),15/05/25 11:00:00,Annual,Euro,Barley - prices per 100 kg,Denmark,2024,21.72,,
ESTAT:APRI_AP_CRPOUTA$DEFAULTVIEW(1.0),15/05/25 11:00:00,Annual,Euro,Barley - prices per 100 kg,Estonia,2015,14.88,,
ESTAT:APRI_AP_CRPOUTA$DEFAULTVIEW(1.0),15/05/25 11:00:00,Annual,Euro,Barley - prices per 100 kg,Estonia,2016,12.76,,
ESTAT:APRI_AP_CRPOUTA$DEFAULTVIEW(1.0),15/05/25 11:00:00,Annual,Euro,Barley - prices per 100 kg,Estonia,2017,13.56,,
ESTAT:APRI_AP_CRPOUTA$DEFAULTVIEW(1.0),15/05/25 11:00:00,Annual,Euro,Barley - prices per 100 kg,Estonia,2018,15.73,,
ESTAT:APRI_AP_CRPOUTA$DEFAULTVIEW(1.0),15/05/25 11:00:00,Annual,Euro,Barley - prices per 100 kg,Estonia,2019,15.45,,
ESTAT:APRI_AP_CRPOUTA$DEFAULTVIEW(1.0),15/05/25 11:00:00,Annual,Euro,Barley - prices per 100 kg,Estonia,2020,14.58,,
ESTAT:APRI_AP_CRPOUTA$DEFAULTVIEW(1.0),15/05/25 11:00:00,Annual,Euro,Barley - prices per 100 kg,Estonia,2021,18.23,,
ESTAT:APRI_AP_CRPOUTA$DEFAULTVIEW(1.0),15/05/25 11:00:00,Annual,Euro,Barley - prices per 100 kg,Estonia,2022,27.49,,
ESTAT:APRI_AP_CRPOUTA$DEFAULTVIEW(1.0),15/05/25 11:00:00,Annual,Euro,Barley - prices per 100 kg,Estonia,2023,19.62,,
ESTAT:APRI_AP_CRPOUTA$DEFAULTVIEW(1.0),15/05/25 11:00:00,Annual,Euro,Barley - prices per 100 kg,Estonia,2024,17.13,,
ESTAT:APRI_AP_CRPOUTA$DEFAULTVIEW(1.0),15/05/25 11:00:00,Annual,Euro,Barley - prices per 100 kg,Greece,2015,16.72,,
ESTAT:APRI_AP_CRPOUTA$DEFAULTVIEW(1.0),15/05/25 11:00:00,Annual,Euro,Barley - prices per 100 kg,Greece,2016,16.20,,
ESTAT:APRI_AP_CRPOUTA$DEFAULTVIEW(1.0),15/05/25 11:00:00,Annual,Euro,Barley - prices per 100 kg,Greece,2017,15.83,,
ESTAT:APRI_AP_CRPOUTA$DEFAULTVIEW(1.0),15/05/25 11:00:00,Annual,Euro,Barley - prices per 100 kg,Greece,2018,15.61,,
ESTAT:APRI_AP_CRPOUTA$DEFAULTVIEW(1.0),15/05/25 11:00:00,Annual,Euro,Barley - prices per 100 kg,Greece,2019,16.22,,
ESTAT:APRI_AP_CRPOUTA$DEFAULTVIEW(1.0),15/05/25 11:00:00,Annual,Euro,Barley - prices per 100 kg,Greece,2020,15.60,,
ESTAT:APRI_AP_CRPOUTA$DEFAULTVIEW(1.0),15/05/25 11:00:00,Annual,Euro,Barley - prices per 100 kg,Greece,2021,19.25,,
ESTAT:APRI_AP_CRPOUTA$DEFAULTVIEW(1.0),15/05/25 11:00:00,Annual,Euro,Barley - prices per 100 kg,Greece,2022,30.52,,
ESTAT:APRI_AP_CRPOUTA$DEFAULTVIEW(1.0),15/05/25 11:00:00,Annual,Euro,Barley - prices per 100 kg,Greece,2023,19.16,,
ESTAT:APRI_AP_CRPOUTA$DEFAULTVIEW(1.0),15/05/25 11:00:00,Annual,Euro,Barley - prices per 100 kg,Greece,2024,18.67,,
ESTAT:APRI_AP_CRPOUTA$DEFAULTVIEW(1.0),15/05/25 11:00:00,Annual,Euro,Barley - prices per 100 kg,Spain,2015,17.40,,
ESTAT:APRI_AP_CRPOUTA$DEFAULTVIEW(1.0),15/05/25 11:00:00,Annual,Euro,Barley - prices per 100 kg,Spain,2016,15.13,,
ESTAT:APRI_AP_CRPOUTA$DEFAULTVIEW(1.0),15/05/25 11:00:00,Annual,Euro,Barley - prices per 100 kg,Spain,2017,16.51,,
ESTAT:APRI_AP_CRPOUTA$DEFAULTVIEW(1.0),15/05/25 11:00:00,Annual,Euro,Barley - prices per 100 kg,Spain,2018,17.26,,
ESTAT:APRI_AP_CRPOUTA$DEFAULTVIEW(1.0),15/05/25 11:00:00,Annual,Euro,Barley - prices per 100 kg,Spain,2019,17.51,,
ESTAT:APRI_AP_CRPOUTA$DEFAULTVIEW(1.0),15/05/25 11:00:00,Annual,Euro,Barley - prices per 100 kg,Spain,2020,16.12,,
ESTAT:APRI_AP_CRPOUTA$DEFAULTVIEW(1.0),15/05/25 11:00:00,Annual,Euro,Barley - prices per 100 kg,Spain,2021,21.97,,
ESTAT:APRI_AP_CRPOUTA$DEFAULTVIEW(1.0),15/05/25 11:00:00,Annual,Euro,Barley - prices per 100 kg,Spain,2022,32.39,,
ESTAT:APRI_AP_CRPOUTA$DEFAULTVIEW(1.0),15/05/25 11:00:00,Annual,Euro,Barley - prices per 100 kg,Spain,2023,24.54,,
ESTAT:APRI_AP_CRPOUTA$DEFAULTVIEW(1.0),15/05/25 11:00:00,Annual,Euro,Barley - prices per 100 kg,Spain,2024,20.15,,
ESTAT:APRI_AP_CRPOUTA$DEFAULTVIEW(1.0),15/05/25 11:00:00,Annual,Euro,Barley - prices per 100 kg,Finland,2022,31.92,,
ESTAT:APRI_AP_CRPOUTA$DEFAULTVIEW(1.0),15/05/25 11:00:00,Annual,Euro,Barley - prices per 100 kg,Finland,2023,24.68,,
ESTAT:APRI_AP_CRPOUTA$DEFAULTVIEW(1.0),15/05/25 11:00:00,Annual,Euro,Barley - prices per 100 kg,Finland,2024,20.87,,
ESTAT:APRI_AP_CRPOUTA$DEFAULTVIEW(1.0),15/05/25 11:00:00,Annual,Euro,Barley - prices per 100 kg,France,2015,24.40,,
ESTAT:APRI_AP_CRPOUTA$DEFAULTVIEW(1.0),15/05/25 11:00:00,Annual,Euro,Barley - prices per 100 kg,France,2016,21.30,,
ESTAT:APRI_AP_CRPOUTA$DEFAULTVIEW(1.0),15/05/25 11:00:00,Annual,Euro,Barley - prices per 100 kg,Croatia,2015,15.73,,
ESTAT:APRI_AP_CRPOUTA$DEFAULTVIEW(1.0),15/05/25 11:00:00,Annual,Euro,Barley - prices per 100 kg,Croatia,2016,13.15,,
ESTAT:APRI_AP_CRPOUTA$DEFAULTVIEW(1.0),15/05/25 11:00:00,Annual,Euro,Barley - prices per 100 kg,Croatia,2017,13.45,,
ESTAT:APRI_AP_CRPOUTA$DEFAULTVIEW(1.0),15/05/25 11:00:00,Annual,Euro,Barley - prices per 100 kg,Croatia,2018,14.90,,
ESTAT:APRI_AP_CRPOUTA$DEFAULTVIEW(1.0),15/05/25 11:00:00,Annual,Euro,Barley - prices per 100 kg,Croatia,2019,14.69,,
ESTAT:APRI_AP_CRPOUTA$DEFAULTVIEW(1.0),15/05/25 11:00:00,Annual,Euro,Barley - prices per 100 kg,Croatia,2020,14.17,,
ESTAT:APRI_AP_CRPOUTA$DEFAULTVIEW(1.0),15/05/25 11:00:00,Annual,Euro,Barley - prices per 100 kg,Hungary,2015,13.51,,
ESTAT:APRI_AP_CRPOUTA$DEFAULTVIEW(1.0),15/05/25 11:00:00,Annual,Euro,Barley - prices per 100 kg,Hungary,2016,11.79,,
ESTAT:APRI_AP_CRPOUTA$DEFAULTVIEW(1.0),15/05/25 11:00:00,Annual,Euro,Barley - prices per 100 kg,Hungary,2017,11.69,,
ESTAT:APRI_AP_CRPOUTA$DEFAULTVIEW(1.0),15/05/25 11:00:00,Annual,Euro,Barley - prices per 100 kg,Hungary,2018,13.55,,
ESTAT:APRI_AP_CRPOUTA$DEFAULTVIEW(1.0),15/05/25 11:00:00,Annual,Euro,Barley - prices per 100 kg,Hungary,2019,13.57,,
ESTAT:APRI_AP_CRPOUTA$DEFAULTVIEW(1.0),15/05/25 11:00:00,Annual,Euro,Barley - prices per 100 kg,Hungary,2020,12.68,,
ESTAT:APRI_AP_CRPOUTA$DEFAULTVIEW(1.0),15/05/25 11:00:00,Annual,Euro,Barley - prices per 100 kg,Hungary,2021,16.47,,
ESTAT:APRI_AP_CRPOUTA$DEFAULTVIEW(1.0),15/05/25 11:00:00,Annual,Euro,Barley - prices per 100 kg,Hungary,2022,27.54,,
ESTAT:APRI_AP_CRPOUTA$DEFAULTVIEW(1.0),15/05/25 11:00:00,Annual,Euro,Barley - prices per 100 kg,Hungary,2023,15.19,,
ESTAT:APRI_AP_CRPOUTA$DEFAULTVIEW(1.0),15/05/25 11:00:00,Annual,Euro,Barley - prices per 100 kg,Hungary,2024,14.26,,
ESTAT:APRI_AP_CRPOUTA$DEFAULTVIEW(1.0),15/05/25 11:00:00,Annual,Euro,Barley - prices per 100 kg,Ireland,2015,,,C
ESTAT:APRI_AP_CRPOUTA$DEFAULTVIEW(1.0),15/05/25 11:00:00,Annual,Euro,Barley - prices per 100 kg,Ireland,2016,,,C
ESTAT:APRI_AP_CRPOUTA$DEFAULTVIEW(1.0),15/05/25 11:00:00,Annual,Euro,Barley - prices per 100 kg,Ireland,2017,15.36,,
ESTAT:APRI_AP_CRPOUTA$DEFAULTVIEW(1.0),15/05/25 11:00:00,Annual,Euro,Barley - prices per 100 kg,Ireland,2018,22.27,,
ESTAT:APRI_AP_CRPOUTA$DEFAULTVIEW(1.0),15/05/25 11:00:00,Annual,Euro,Barley - prices per 100 kg,Ireland,2019,17.64,,
ESTAT:APRI_AP_CRPOUTA$DEFAULTVIEW(1.0),15/05/25 11:00:00,Annual,Euro,Barley - prices per 100 kg,Ireland,2020,17.28,,
ESTAT:APRI_AP_CRPOUTA$DEFAULTVIEW(1.0),15/05/25 11:00:00,Annual,Euro,Barley - prices per 100 kg,Ireland,2021,23.49,,
ESTAT:APRI_AP_CRPOUTA$DEFAULTVIEW(1.0),15/05/25 11:00:00,Annual,Euro,Barley - prices per 100 kg,Ireland,2022,36.28,,
ESTAT:APRI_AP_CRPOUTA$DEFAULTVIEW(1.0),15/05/25 11:00:00,Annual,Euro,Barley - prices per 100 kg,Ireland,2023,27.06,,
ESTAT:APRI_AP_CRPOUTA$DEFAULTVIEW(1.0),15/05/25 11:00:00,Annual,Euro,Barley - prices per 100 kg,Ireland,2024,24.53,,
ESTAT:APRI_AP_CRPOUTA$DEFAULTVIEW(1.0),15/05/25 11:00:00,Annual,Euro,Barley - prices per 100 kg,Lithuania,2015,14.35,,
ESTAT:APRI_AP_CRPOUTA$DEFAULTVIEW(1.0),15/05/25 11:00:00,Annual,Euro,Barley - prices per 100 kg,Lithuania,2016,12.83,,
ESTAT:APRI_AP_CRPOUTA$DEFAULTVIEW(1.0),15/05/25 11:00:00,Annual,Euro,Barley - prices per 100 kg,Lithuania,2017,13.80,,
ESTAT:APRI_AP_CRPOUTA$DEFAULTVIEW(1.0),15/05/25 11:00:00,Annual,Euro,Barley - prices per 100 kg,Lithuania,2018,17.06,,
ESTAT:APRI_AP_CRPOUTA$DEFAULTVIEW(1.0),15/05/25 11:00:00,Annual,Euro,Barley - prices per 100 kg,Lithuania,2019,14.66,,
ESTAT:APRI_AP_CRPOUTA$DEFAULTVIEW(1.0),15/05/25 11:00:00,Annual,Euro,Barley - prices per 100 kg,Lithuania,2020,14.25,,
ESTAT:APRI_AP_CRPOUTA$DEFAULTVIEW(1.0),15/05/25 11:00:00,Annual,Euro,Barley - prices per 100 kg,Lithuania,2021,18.19,,
ESTAT:APRI_AP_CRPOUTA$DEFAULTVIEW(1.0),15/05/25 11:00:00,Annual,Euro,Barley - prices per 100 kg,Lithuania,2022,28.69,,
ESTAT:APRI_AP_CRPOUTA$DEFAULTVIEW(1.0),15/05/25 11:00:00,Annual,Euro,Barley - prices per 100 kg,Lithuania,2023,20.26,,
ESTAT:APRI_AP_CRPOUTA$DEFAULTVIEW(1.0),15/05/25 11:00:00,Annual,Euro,Barley - prices per 100 kg,Lithuania,2024,17.34,,
ESTAT:APRI_AP_CRPOUTA$DEFAULTVIEW(1.0),15/05/25 11:00:00,Annual,Euro,Barley - prices per 100 kg,Luxembourg,2015,14.21,,
ESTAT:APRI_AP_CRPOUTA$DEFAULTVIEW(1.0),15/05/25 11:00:00,Annual,Euro,Barley - prices per 100 kg,Luxembourg,2016,11.30,,
ESTAT:APRI_AP_CRPOUTA$DEFAULTVIEW(1.0),15/05/25 11:00:00,Annual,Euro,Barley - prices per 100 kg,Luxembourg,2017,12.52,,
ESTAT:APRI_AP_CRPOUTA$DEFAULTVIEW(1.0),15/05/25 11:00:00,Annual,Euro,Barley - prices per 100 kg,Luxembourg,2018,15.18,,
ESTAT:APRI_AP_CRPOUTA$DEFAULTVIEW(1.0),15/05/25 11:00:00,Annual,Euro,Barley - prices per 100 kg,Luxembourg,2019,13.32,,
ESTAT:APRI_AP_CRPOUTA$DEFAULTVIEW(1.0),15/05/25 11:00:00,Annual,Euro,Barley - prices per 100 kg,Luxembourg,2020,14.21,,
ESTAT:APRI_AP_CRPOUTA$DEFAULTVIEW(1.0),15/05/25 11:00:00,Annual,Euro,Barley - prices per 100 kg,Luxembourg,2021,,,C
ESTAT:APRI_AP_CRPOUTA$DEFAULTVIEW(1.0),15/05/25 11:00:00,Annual,Euro,Barley - prices per 100 kg,Luxembourg,2022,,,C
ESTAT:APRI_AP_CRPOUTA$DEFAULTVIEW(1.0),15/05/25 11:00:00,Annual,Euro,Barley - prices per 100 kg,Luxembourg,2023,,,C
ESTAT:APRI_AP_CRPOUTA$DEFAULTVIEW(1.0),15/05/25 11:00:00,Annual,Euro,Barley - prices per 100 kg,Luxembourg,2024,,,C
ESTAT:APRI_AP_CRPOUTA$DEFAULTVIEW(1.0),15/05/25 11:00:00,Annual,Euro,Barley - prices per 100 kg,Latvia,2015,13.30,,
ESTAT:APRI_AP_CRPOUTA$DEFAULTVIEW(1.0),15/05/25 11:00:00,Annual,Euro,Barley - prices per 100 kg,Latvia,2016,12.16,,
ESTAT:APRI_AP_CRPOUTA$DEFAULTVIEW(1.0),15/05/25 11:00:00,Annual,Euro,Barley - prices per 100 kg,Latvia,2017,12.72,,
ESTAT:APRI_AP_CRPOUTA$DEFAULTVIEW(1.0),15/05/25 11:00:00,Annual,Euro,Barley - prices per 100 kg,Latvia,2018,16.19,,
ESTAT:APRI_AP_CRPOUTA$DEFAULTVIEW(1.0),15/05/25 11:00:00,Annual,Euro,Barley - prices per 100 kg,Latvia,2019,14.10,,
ESTAT:APRI_AP_CRPOUTA$DEFAULTVIEW(1.0),15/05/25 11:00:00,Annual,Euro,Barley - prices per 100 kg,Latvia,2020,14.27,,
ESTAT:APRI_AP_CRPOUTA$DEFAULTVIEW(1.0),15/05/25 11:00:00,Annual,Euro,Barley - prices per 100 kg,Latvia,2021,18.44,,
ESTAT:APRI_AP_CRPOUTA$DEFAULTVIEW(1.0),15/05/25 11:00:00,Annual,Euro,Barley - prices per 100 kg,Latvia,2022,27.25,,
ESTAT:APRI_AP_CRPOUTA$DEFAULTVIEW(1.0),15/05/25 11:00:00,Annual,Euro,Barley - prices per 100 kg,Latvia,2023,18.06,,
ESTAT:APRI_AP_CRPOUTA$DEFAULTVIEW(1.0),15/05/25 11:00:00,Annual,Euro,Barley - prices per 100 kg,Latvia,2024,15.13,,
ESTAT:APRI_AP_CRPOUTA$DEFAULTVIEW(1.0),15/05/25 11:00:00,Annual,Euro,Barley - prices per 100 kg,Poland,2015,14.63,,
ESTAT:APRI_AP_CRPOUTA$DEFAULTVIEW(1.0),15/05/25 11:00:00,Annual,Euro,Barley - prices per 100 kg,Poland,2016,13.39,,
ESTAT:APRI_AP_CRPOUTA$DEFAULTVIEW(1.0),15/05/25 11:00:00,Annual,Euro,Barley - prices per 100 kg,Poland,2017,14.43,,
ESTAT:APRI_AP_CRPOUTA$DEFAULTVIEW(1.0),15/05/25 11:00:00,Annual,Euro,Barley - prices per 100 kg,Poland,2018,16.03,,
ESTAT:APRI_AP_CRPOUTA$DEFAULTVIEW(1.0),15/05/25 11:00:00,Annual,Euro,Barley - prices per 100 kg,Poland,2019,15.68,p,
ESTAT:APRI_AP_CRPOUTA$DEFAULTVIEW(1.0),15/05/25 11:00:00,Annual,Euro,Barley - prices per 100 kg,Poland,2020,14.32,p,
ESTAT:APRI_AP_CRPOUTA$DEFAULTVIEW(1.0),15/05/25 11:00:00,Annual,Euro,Barley - prices per 100 kg,Poland,2021,17.14,p,
ESTAT:APRI_AP_CRPOUTA$DEFAULTVIEW(1.0),15/05/25 11:00:00,Annual,Euro,Barley - prices per 100 kg,Poland,2022,27.73,,
ESTAT:APRI_AP_CRPOUTA$DEFAULTVIEW(1.0),15/05/25 11:00:00,Annual,Euro,Barley - prices per 100 kg,Poland,2023,19.36,,
ESTAT:APRI_AP_CRPOUTA$DEFAULTVIEW(1.0),15/05/25 11:00:00,Annual,Euro,Barley - prices per 100 kg,Poland,2024,17.29,,
ESTAT:APRI_AP_CRPOUTA$DEFAULTVIEW(1.0),15/05/25 11:00:00,Annual,Euro,Barley - prices per 100 kg,Portugal,2015,19.61,,
ESTAT:APRI_AP_CRPOUTA$DEFAULTVIEW(1.0),15/05/25 11:00:00,Annual,Euro,Barley - prices per 100 kg,Portugal,2016,18.99,,
ESTAT:APRI_AP_CRPOUTA$DEFAULTVIEW(1.0),15/05/25 11:00:00,Annual,Euro,Barley - prices per 100 kg,Portugal,2017,17.78,,
ESTAT:APRI_AP_CRPOUTA$DEFAULTVIEW(1.0),15/05/25 11:00:00,Annual,Euro,Barley - prices per 100 kg,Portugal,2018,19.21,,
ESTAT:APRI_AP_CRPOUTA$DEFAULTVIEW(1.0),15/05/25 11:00:00,Annual,Euro,Barley - prices per 100 kg,Portugal,2019,19.41,,
ESTAT:APRI_AP_CRPOUTA$DEFAULTVIEW(1.0),15/05/25 11:00:00,Annual,Euro,Barley - prices per 100 kg,Portugal,2020,19.00,,
ESTAT:APRI_AP_CRPOUTA$DEFAULTVIEW(1.0),15/05/25 11:00:00,Annual,Euro,Barley - prices per 100 kg,Portugal,2021,22.68,,
ESTAT:APRI_AP_CRPOUTA$DEFAULTVIEW(1.0),15/05/25 11:00:00,Annual,Euro,Barley - prices per 100 kg,Portugal,2022,39.00,,
ESTAT:APRI_AP_CRPOUTA$DEFAULTVIEW(1.0),15/05/25 11:00:00,Annual,Euro,Barley - prices per 100 kg,Portugal,2023,26.25,,
ESTAT:APRI_AP_CRPOUTA$DEFAULTVIEW(1.0),15/05/25 11:00:00,Annual,Euro,Barley - prices per 100 kg,Portugal,2024,23.85,,
ESTAT:APRI_AP_CRPOUTA$DEFAULTVIEW(1.0),15/05/25 11:00:00,Annual,Euro,Barley - prices per 100 kg,Romania,2015,19.35,,
ESTAT:APRI_AP_CRPOUTA$DEFAULTVIEW(1.0),15/05/25 11:00:00,Annual,Euro,Barley - prices per 100 kg,Romania,2016,17.82,,
ESTAT:APRI_AP_CRPOUTA$DEFAULTVIEW(1.0),15/05/25 11:00:00,Annual,Euro,Barley - prices per 100 kg,Romania,2017,16.85,,
ESTAT:APRI_AP_CRPOUTA$DEFAULTVIEW(1.0),15/05/25 11:00:00,Annual,Euro,Barley - prices per 100 kg,Romania,2018,17.62,,
ESTAT:APRI_AP_CRPOUTA$DEFAULTVIEW(1.0),15/05/25 11:00:00,Annual,Euro,Barley - prices per 100 kg,Romania,2019,18.54,,
ESTAT:APRI_AP_CRPOUTA$DEFAULTVIEW(1.0),15/05/25 11:00:00,Annual,Euro,Barley - prices per 100 kg,Romania,2020,18.39,,
ESTAT:APRI_AP_CRPOUTA$DEFAULTVIEW(1.0),15/05/25 11:00:00,Annual,Euro,Barley - prices per 100 kg,Romania,2021,20.32,,
ESTAT:APRI_AP_CRPOUTA$DEFAULTVIEW(1.0),15/05/25 11:00:00,Annual,Euro,Barley - prices per 100 kg,Romania,2022,27.58,,
ESTAT:APRI_AP_CRPOUTA$DEFAULTVIEW(1.0),15/05/25 11:00:00,Annual,Euro,Barley - prices per 100 kg,Romania,2023,23.05,,
ESTAT:APRI_AP_CRPOUTA$DEFAULTVIEW(1.0),15/05/25 11:00:00,Annual,Euro,Barley - prices per 100 kg,Romania,2024,17.09,,
ESTAT:APRI_AP_CRPOUTA$DEFAULTVIEW(1.0),15/05/25 11:00:00,Annual,Euro,Barley - prices per 100 kg,Sweden,2015,13.22,,
ESTAT:APRI_AP_CRPOUTA$DEFAULTVIEW(1.0),15/05/25 11:00:00,Annual,Euro,Barley - prices per 100 kg,Sweden,2016,12.43,,
ESTAT:APRI_AP_CRPOUTA$DEFAULTVIEW(1.0),15/05/25 11:00:00,Annual,Euro,Barley - prices per 100 kg,Sweden,2017,12.94,,
ESTAT:APRI_AP_CRPOUTA$DEFAULTVIEW(1.0),15/05/25 11:00:00,Annual,Euro,Barley - prices per 100 kg,Sweden,2018,19.05,,
ESTAT:APRI_AP_CRPOUTA$DEFAULTVIEW(1.0),15/05/25 11:00:00,Annual,Euro,Barley - prices per 100 kg,Sweden,2019,12.93,,
ESTAT:APRI_AP_CRPOUTA$DEFAULTVIEW(1.0),15/05/25 11:00:00,Annual,Euro,Barley - prices per 100 kg,Sweden,2020,13.94,,
ESTAT:APRI_AP_CRPOUTA$DEFAULTVIEW(1.0),15/05/25 11:00:00,Annual,Euro,Barley - prices per 100 kg,Sweden,2021,19.45,,
ESTAT:APRI_AP_CRPOUTA$DEFAULTVIEW(1.0),15/05/25 11:00:00,Annual,Euro,Barley - prices per 100 kg,Sweden,2022,30.66,,
ESTAT:APRI_AP_CRPOUTA$DEFAULTVIEW(1.0),15/05/25 11:00:00,Annual,Euro,Barley - prices per 100 kg,Sweden,2023,24.81,,
ESTAT:APRI_AP_CRPOUTA$DEFAULTVIEW(1.0),15/05/25 11:00:00,Annual,Euro,Barley - prices per 100 kg,Sweden,2024,20.17,,
ESTAT:APRI_AP_CRPOUTA$DEFAULTVIEW(1.0),15/05/25 11:00:00,Annual,Euro,Barley - prices per 100 kg,Slovenia,2015,13.38,,
ESTAT:APRI_AP_CRPOUTA$DEFAULTVIEW(1.0),15/05/25 11:00:00,Annual,Euro,Barley - prices per 100 kg,Slovenia,2016,13.30,,
ESTAT:APRI_AP_CRPOUTA$DEFAULTVIEW(1.0),15/05/25 11:00:00,Annual,Euro,Barley - prices per 100 kg,Slovenia,2017,12.88,,
ESTAT:APRI_AP_CRPOUTA$DEFAULTVIEW(1.0),15/05/25 11:00:00,Annual,Euro,Barley - prices per 100 kg,Slovenia,2018,14.24,,
ESTAT:APRI_AP_CRPOUTA$DEFAULTVIEW(1.0),15/05/25 11:00:00,Annual,Euro,Barley - prices per 100 kg,Slovenia,2019,13.72,,
ESTAT:APRI_AP_CRPOUTA$DEFAULTVIEW(1.0),15/05/25 11:00:00,Annual,Euro,Barley - prices per 100 kg,Slovenia,2020,12.54,,
ESTAT:APRI_AP_CRPOUTA$DEFAULTVIEW(1.0),15/05/25 11:00:00,Annual,Euro,Barley - prices per 100 kg,Slovenia,2021,16.83,,
ESTAT:APRI_AP_CRPOUTA$DEFAULTVIEW(1.0),15/05/25 11:00:00,Annual,Euro,Barley - prices per 100 kg,Slovenia,2022,27.83,,
ESTAT:APRI_AP_CRPOUTA$DEFAULTVIEW(1.0),15/05/25 11:00:00,Annual,Euro,Barley - prices per 100 kg,Slovenia,2023,15.09,,
ESTAT:APRI_AP_CRPOUTA$DEFAULTVIEW(1.0),15/05/25 11:00:00,Annual,Euro,Barley - prices per 100 kg,Slovenia,2024,15.29,,
ESTAT:APRI_AP_CRPOUTA$DEFAULTVIEW(1.0),15/05/25 11:00:00,Annual,Euro,Barley - prices per 100 kg,Slovakia,2015,15.14,,
ESTAT:APRI_AP_CRPOUTA$DEFAULTVIEW(1.0),15/05/25 11:00:00,Annual,Euro,Barley - prices per 100 kg,Slovakia,2016,13.97,,
ESTAT:APRI_AP_CRPOUTA$DEFAULTVIEW(1.0),15/05/25 11:00:00,Annual,Euro,Barley - prices per 100 kg,Slovakia,2017,15.36,,
ESTAT:APRI_AP_CRPOUTA$DEFAULTVIEW(1.0),15/05/25 11:00:00,Annual,Euro,Barley - prices per 100 kg,Slovakia,2018,16.27,,
ESTAT:APRI_AP_CRPOUTA$DEFAULTVIEW(1.0),15/05/25 11:00:00,Annual,Euro,Barley - prices per 100 kg,Slovakia,2019,16.62,,
ESTAT:APRI_AP_CRPOUTA$DEFAULTVIEW(1.0),15/05/25 11:00:00,Annual,Euro,Barley - prices per 100 kg,Slovakia,2020,15.54,,
ESTAT:APRI_AP_CRPOUTA$DEFAULTVIEW(1.0),15/05/25 11:00:00,Annual,Euro,Barley - prices per 100 kg,Slovakia,2021,17.68,,
ESTAT:APRI_AP_CRPOUTA$DEFAULTVIEW(1.0),15/05/25 11:00:00,Annual,Euro,Barley - prices per 100 kg,Slovakia,2022,30.07,,
ESTAT:APRI_AP_CRPOUTA$DEFAULTVIEW(1.0),15/05/25 11:00:00,Annual,Euro,Barley - prices per 100 kg,Slovakia,2023,22.11,,
ESTAT:APRI_AP_CRPOUTA$DEFAULTVIEW(1.0),15/05/25 11:00:00,Annual,Euro,Barley - prices per 100 kg,Slovakia,2024,19.07,,
ESTAT:APRI_AP_CRPOUTA$DEFAULTVIEW(1.0),15/05/25 11:00:00,Annual,Euro,Barley - prices per 100 kg,United Kingdom,2015,14.41,,
ESTAT:APRI_AP_CRPOUTA$DEFAULTVIEW(1.0),15/05/25 11:00:00,Annual,Euro,Barley - prices per 100 kg,United Kingdom,2016,12.46,,
ESTAT:APRI_AP_CRPOUTA$DEFAULTVIEW(1.0),15/05/25 11:00:00,Annual,Euro,Barley - prices per 100 kg,United Kingdom,2017,13.77,,
ESTAT:APRI_AP_CRPOUTA$DEFAULTVIEW(1.0),15/05/25 11:00:00,Annual,Euro,Barley - prices per 100 kg,United Kingdom,2018,16.75,,
ESTAT:APRI_AP_CRPOUTA$DEFAULTVIEW(1.0),15/05/25 11:00:00,Annual,Euro,Barley - prices per 100 kg,United Kingdom,2019,14.67,,
ESTAT:APRI_AP_CRPOUTA$DEFAULTVIEW(1.0),15/05/25 11:00:00,Annual,Euro,Feed barley - prices per 100 kg,Austria,2015,11.80,,
ESTAT:APRI_AP_CRPOUTA$DEFAULTVIEW(1.0),15/05/25 11:00:00,Annual,Euro,Feed barley - prices per 100 kg,Austria,2016,10.23,,
ESTAT:APRI_AP_CRPOUTA$DEFAULTVIEW(1.0),15/05/25 11:00:00,Annual,Euro,Feed barley - prices per 100 kg,Austria,2017,11.60,,
ESTAT:APRI_AP_CRPOUTA$DEFAULTVIEW(1.0),15/05/25 11:00:00,Annual,Euro,Feed barley - prices per 100 kg,Austria,2018,13.69,,
ESTAT:APRI_AP_CRPOUTA$DEFAULTVIEW(1.0),15/05/25 11:00:00,Annual,Euro,Feed barley - prices per 100 kg,Austria,2019,12.31,,
ESTAT:APRI_AP_CRPOUTA$DEFAULTVIEW(1.0),15/05/25 11:00:00,Annual,Euro,Feed barley - prices per 100 kg,Austria,2020,12.08,,
ESTAT:APRI_AP_CRPOUTA$DEFAULTVIEW(1.0),15/05/25 11:00:00,Annual,Euro,Feed barley - prices per 100 kg,Austria,2021,17.23,,
ESTAT:APRI_AP_CRPOUTA$DEFAULTVIEW(1.0),15/05/25 11:00:00,Annual,Euro,Feed barley - prices per 100 kg,Austria,2022,24.19,,
ESTAT:APRI_AP_CRPOUTA$DEFAULTVIEW(1.0),15/05/25 11:00:00,Annual,Euro,Feed barley - prices per 100 kg,Austria,2023,14.85,,
ESTAT:APRI_AP_CRPOUTA$DEFAULTVIEW(1.0),15/05/25 11:00:00,Annual,Euro,Feed barley - prices per 100 kg,Austria,2024,13.79,p,
ESTAT:APRI_AP_CRPOUTA$DEFAULTVIEW(1.0),15/05/25 11:00:00,Annual,Euro,Feed barley - prices per 100 kg,Belgium,2015,,m,
ESTAT:APRI_AP_CRPOUTA$DEFAULTVIEW(1.0),15/05/25 11:00:00,Annual,Euro,Feed barley - prices per 100 kg,Belgium,2023,19.13,,
ESTAT:APRI_AP_CRPOUTA$DEFAULTVIEW(1.0),15/05/25 11:00:00,Annual,Euro,Feed barley - prices per 100 kg,Bulgaria,2015,15.15,,
ESTAT:APRI_AP_CRPOUTA$DEFAULTVIEW(1.0),15/05/25 11:00:00,Annual,Euro,Feed barley - prices per 100 kg,Bulgaria,2016,13.79,,
ESTAT:APRI_AP_CRPOUTA$DEFAULTVIEW(1.0),15/05/25 11:00:00,Annual,Euro,Feed barley - prices per 100 kg,Bulgaria,2017,13.77,,
ESTAT:APRI_AP_CRPOUTA$DEFAULTVIEW(1.0),15/05/25 11:00:00,Annual,Euro,Feed barley - prices per 100 kg,Bulgaria,2018,14.96,,
ESTAT:APRI_AP_CRPOUTA$DEFAULTVIEW(1.0),15/05/25 11:00:00,Annual,Euro,Feed barley - prices per 100 kg,Bulgaria,2019,14.74,,
ESTAT:APRI_AP_CRPOUTA$DEFAULTVIEW(1.0),15/05/25 11:00:00,Annual,Euro,Feed barley - prices per 100 kg,Bulgaria,2020,14.70,,
ESTAT:APRI_AP_CRPOUTA$DEFAULTVIEW(1.0),15/05/25 11:00:00,Annual,Euro,Feed barley - prices per 100 kg,Bulgaria,2021,17.93,,
ESTAT:APRI_AP_CRPOUTA$DEFAULTVIEW(1.0),15/05/25 11:00:00,Annual,Euro,Feed barley - prices per 100 kg,Bulgaria,2022,28.95,,
ESTAT:APRI_AP_CRPOUTA$DEFAULTVIEW(1.0),15/05/25 11:00:00,Annual,Euro,Feed barley - prices per 100 kg,Bulgaria,2023,19.37,,
ESTAT:APRI_AP_CRPOUTA$DEFAULTVIEW(1.0),15/05/25 11:00:00,Annual,Euro,Feed barley - prices per 100 kg,Bulgaria,2024,16.44,,
ESTAT:APRI_AP_CRPOUTA$DEFAULTVIEW(1.0),15/05/25 11:00:00,Annual,Euro,Feed barley - prices per 100 kg,Cyprus,2015,20.50,,
ESTAT:APRI_AP_CRPOUTA$DEFAULTVIEW(1.0),15/05/25 11:00:00,Annual,Euro,Feed barley - prices per 100 kg,Cyprus,2016,17.90,,
ESTAT:APRI_AP_CRPOUTA$DEFAULTVIEW(1.0),15/05/25 11:00:00,Annual,Euro,Feed barley - prices per 100 kg,Cyprus,2017,17.30,,
ESTAT:APRI_AP_CRPOUTA$DEFAULTVIEW(1.0),15/05/25 11:00:00,Annual,Euro,Feed barley - prices per 100 kg,Cyprus,2018,20.20,,
ESTAT:APRI_AP_CRPOUTA$DEFAULTVIEW(1.0),15/05/25 11:00:00,Annual,Euro,Feed barley - prices per 100 kg,Cyprus,2019,19.70,,
ESTAT:APRI_AP_CRPOUTA$DEFAULTVIEW(1.0),15/05/25 11:00:00,Annual,Euro,Feed barley - prices per 100 kg,Cyprus,2020,18.28,,
ESTAT:APRI_AP_CRPOUTA$DEFAULTVIEW(1.0),15/05/25 11:00:00,Annual,Euro,Feed barley - prices per 100 kg,Cyprus,2021,24.76,,
ESTAT:APRI_AP_CRPOUTA$DEFAULTVIEW(1.0),15/05/25 11:00:00,Annual,Euro,Feed barley - prices per 100 kg,Cyprus,2022,37.52,,
ESTAT:APRI_AP_CRPOUTA$DEFAULTVIEW(1.0),15/05/25 11:00:00,Annual,Euro,Feed barley - prices per 100 kg,Cyprus,2023,27.16,,
ESTAT:APRI_AP_CRPOUTA$DEFAULTVIEW(1.0),15/05/25 11:00:00,Annual,Euro,Feed barley - prices per 100 kg,Cyprus,2024,22.67,,
ESTAT:APRI_AP_CRPOUTA$DEFAULTVIEW(1.0),15/05/25 11:00:00,Annual,Euro,Feed barley - prices per 100 kg,Czechia,2015,13.31,,
ESTAT:APRI_AP_CRPOUTA$DEFAULTVIEW(1.0),15/05/25 11:00:00,Annual,Euro,Feed barley - prices per 100 kg,Czechia,2016,12.06,,
ESTAT:APRI_AP_CRPOUTA$DEFAULTVIEW(1.0),15/05/25 11:00:00,Annual,Euro,Feed barley - prices per 100 kg,Czechia,2017,12.42,,
ESTAT:APRI_AP_CRPOUTA$DEFAULTVIEW(1.0),15/05/25 11:00:00,Annual,Euro,Feed barley - prices per 100 kg,Czechia,2018,14.31,,
ESTAT:APRI_AP_CRPOUTA$DEFAULTVIEW(1.0),15/05/25 11:00:00,Annual,Euro,Feed barley - prices per 100 kg,Czechia,2019,15.35,,
ESTAT:APRI_AP_CRPOUTA$DEFAULTVIEW(1.0),15/05/25 11:00:00,Annual,Euro,Feed barley - prices per 100 kg,Czechia,2020,13.31,,
ESTAT:APRI_AP_CRPOUTA$DEFAULTVIEW(1.0),15/05/25 11:00:00,Annual,Euro,Feed barley - prices per 100 kg,Czechia,2021,16.15,,
ESTAT:APRI_AP_CRPOUTA$DEFAULTVIEW(1.0),15/05/25 11:00:00,Annual,Euro,Feed barley - prices per 100 kg,Czechia,2022,25.12,,
ESTAT:APRI_AP_CRPOUTA$DEFAULTVIEW(1.0),15/05/25 11:00:00,Annual,Euro,Feed barley - prices per 100 kg,Czechia,2023,18.96,,
ESTAT:APRI_AP_CRPOUTA$DEFAULTVIEW(1.0),15/05/25 11:00:00,Annual,Euro,Feed barley - prices per 100 kg,Czechia,2024,14.69,,
ESTAT:APRI_AP_CRPOUTA$DEFAULTVIEW(1.0),15/05/25 11:00:00,Annual,Euro,Feed barley - prices per 100 kg,Germany,2015,14.53,,
ESTAT:APRI_AP_CRPOUTA$DEFAULTVIEW(1.0),15/05/25 11:00:00,Annual,Euro,Feed barley - prices per 100 kg,Germany,2016,12.60,,
ESTAT:APRI_AP_CRPOUTA$DEFAULTVIEW(1.0),15/05/25 11:00:00,Annual,Euro,Feed barley - prices per 100 kg,Germany,2017,13.61,,
ESTAT:APRI_AP_CRPOUTA$DEFAULTVIEW(1.0),15/05/25 11:00:00,Annual,Euro,Feed barley - prices per 100 kg,Germany,2018,16.55,,
ESTAT:APRI_AP_CRPOUTA$DEFAULTVIEW(1.0),15/05/25 11:00:00,Annual,Euro,Feed barley - prices per 100 kg,Germany,2019,15.69,,
ESTAT:APRI_AP_CRPOUTA$DEFAULTVIEW(1.0),15/05/25 11:00:00,Annual,Euro,Feed barley - prices per 100 kg,Germany,2020,15.03,,
ESTAT:APRI_AP_CRPOUTA$DEFAULTVIEW(1.0),15/05/25 11:00:00,Annual,Euro,Feed barley - prices per 100 kg,Germany,2021,19.84,,
ESTAT:APRI_AP_CRPOUTA$DEFAULTVIEW(1.0),15/05/25 11:00:00,Annual,Euro,Feed barley - prices per 100 kg,Germany,2022,28.58,,
ESTAT:APRI_AP_CRPOUTA$DEFAULTVIEW(1.0),15/05/25 11:00:00,Annual,Euro,Feed barley - prices per 100 kg,Germany,2023,18.97,,
ESTAT:APRI_AP_CRPOUTA$DEFAULTVIEW(1.0),15/05/25 11:00:00,Annual,Euro,Feed barley - prices per 100 kg,Germany,2024,16.16,,
ESTAT:APRI_AP_CRPOUTA$DEFAULTVIEW(1.0),15/05/25 11:00:00,Annual,Euro,Feed barley - prices per 100 kg,Denmark,2015,16.16,,
ESTAT:APRI_AP_CRPOUTA$DEFAULTVIEW(1.0),15/05/25 11:00:00,Annual,Euro,Feed barley - prices per 100 kg,Denmark,2016,13.97,,
ESTAT:APRI_AP_CRPOUTA$DEFAULTVIEW(1.0),15/05/25 11:00:00,Annual,Euro,Feed barley - prices per 100 kg,Denmark,2017,14.76,,
ESTAT:APRI_AP_CRPOUTA$DEFAULTVIEW(1.0),15/05/25 11:00:00,Annual,Euro,Feed barley - prices per 100 kg,Denmark,2018,17.24,,
ESTAT:APRI_AP_CRPOUTA$DEFAULTVIEW(1.0),15/05/25 11:00:00,Annual,Euro,Feed barley - prices per 100 kg,Denmark,2019,17.30,,
ESTAT:APRI_AP_CRPOUTA$DEFAULTVIEW(1.0),15/05/25 11:00:00,Annual,Euro,Feed barley - prices per 100 kg,Denmark,2020,15.47,,
ESTAT:APRI_AP_CRPOUTA$DEFAULTVIEW(1.0),15/05/25 11:00:00,Annual,Euro,Feed barley - prices per 100 kg,Denmark,2021,18.49,,
ESTAT:APRI_AP_CRPOUTA$DEFAULTVIEW(1.0),15/05/25 11:00:00,Annual,Euro,Feed barley - prices per 100 kg,Denmark,2022,27.25,,
ESTAT:APRI_AP_CRPOUTA$DEFAULTVIEW(1.0),15/05/25 11:00:00,Annual,Euro,Feed barley - prices per 100 kg,Denmark,2023,25.15,,
ESTAT:APRI_AP_CRPOUTA$DEFAULTVIEW(1.0),15/05/25 11:00:00,Annual,Euro,Feed barley - prices per 100 kg,Denmark,2024,21.72,,
ESTAT:APRI_AP_CRPOUTA$DEFAULTVIEW(1.0),15/05/25 11:00:00,Annual,Euro,Feed barley - prices per 100 kg,Estonia,2015,14.88,,
ESTAT:APRI_AP_CRPOUTA$DEFAULTVIEW(1.0),15/05/25 11:00:00,Annual,Euro,Feed barley - prices per 100 kg,Estonia,2016,12.76,,
ESTAT:APRI_AP_CRPOUTA$DEFAULTVIEW(1.0),15/05/25 11:00:00,Annual,Euro,Feed barley - prices per 100 kg,Estonia,2017,13.56,,
ESTAT:APRI_AP_CRPOUTA$DEFAULTVIEW(1.0),15/05/25 11:00:00,Annual,Euro,Feed barley - prices per 100 kg,Estonia,2018,15.73,,
ESTAT:APRI_AP_CRPOUTA$DEFAULTVIEW(1.0),15/05/25 11:00:00,Annual,Euro,Feed barley - prices per 100 kg,Estonia,2019,15.45,,
ESTAT:APRI_AP_CRPOUTA$DEFAULTVIEW(1.0),15/05/25 11:00:00,Annual,Euro,Feed barley - prices per 100 kg,Estonia,2020,14.58,,
ESTAT:APRI_AP_CRPOUTA$DEFAULTVIEW(1.0),15/05/25 11:00:00,Annual,Euro,Feed barley - prices per 100 kg,Estonia,2021,18.23,,
ESTAT:APRI_AP_CRPOUTA$DEFAULTVIEW(1.0),15/05/25 11:00:00,Annual,Euro,Feed barley - prices per 100 kg,Estonia,2022,27.49,,
ESTAT:APRI_AP_CRPOUTA$DEFAULTVIEW(1.0),15/05/25 11:00:00,Annual,Euro,Feed barley - prices per 100 kg,Estonia,2023,19.62,,
ESTAT:APRI_AP_CRPOUTA$DEFAULTVIEW(1.0),15/05/25 11:00:00,Annual,Euro,Feed barley - prices per 100 kg,Estonia,2024,17.13,,
ESTAT:APRI_AP_CRPOUTA$DEFAULTVIEW(1.0),15/05/25 11:00:00,Annual,Euro,Feed barley - prices per 100 kg,Greece,2015,16.39,,
ESTAT:APRI_AP_CRPOUTA$DEFAULTVIEW(1.0),15/05/25 11:00:00,Annual,Euro,Feed barley - prices per 100 kg,Greece,2016,15.87,,
ESTAT:APRI_AP_CRPOUTA$DEFAULTVIEW(1.0),15/05/25 11:00:00,Annual,Euro,Feed barley - prices per 100 kg,Greece,2017,15.52,,
ESTAT:APRI_AP_CRPOUTA$DEFAULTVIEW(1.0),15/05/25 11:00:00,Annual,Euro,Feed barley - prices per 100 kg,Greece,2018,15.29,,
ESTAT:APRI_AP_CRPOUTA$DEFAULTVIEW(1.0),15/05/25 11:00:00,Annual,Euro,Feed barley - prices per 100 kg,Greece,2019,15.89,,
ESTAT:APRI_AP_CRPOUTA$DEFAULTVIEW(1.0),15/05/25 11:00:00,Annual,Euro,Feed barley - prices per 100 kg,Greece,2020,15.29,,
ESTAT:APRI_AP_CRPOUTA$DEFAULTVIEW(1.0),15/05/25 11:00:00,Annual,Euro,Feed barley - prices per 100 kg,Greece,2021,18.87,,
ESTAT:APRI_AP_CRPOUTA$DEFAULTVIEW(1.0),15/05/25 11:00:00,Annual,Euro,Feed barley - prices per 100 kg,Greece,2022,29.91,,
ESTAT:APRI_AP_CRPOUTA$DEFAULTVIEW(1.0),15/05/25 11:00:00,Annual,Euro,Feed barley - prices per 100 kg,Greece,2023,18.77,,
ESTAT:APRI_AP_CRPOUTA$DEFAULTVIEW(1.0),15/05/25 11:00:00,Annual,Euro,Feed barley - prices per 100 kg,Greece,2024,18.29,,
ESTAT:APRI_AP_CRPOUTA$DEFAULTVIEW(1.0),15/05/25 11:00:00,Annual,Euro,Feed barley - prices per 100 kg,Spain,2015,17.07,,
ESTAT:APRI_AP_CRPOUTA$DEFAULTVIEW(1.0),15/05/25 11:00:00,Annual,Euro,Feed barley - prices per 100 kg,Spain,2016,14.60,,
ESTAT:APRI_AP_CRPOUTA$DEFAULTVIEW(1.0),15/05/25 11:00:00,Annual,Euro,Feed barley - prices per 100 kg,Spain,2017,16.15,,
ESTAT:APRI_AP_CRPOUTA$DEFAULTVIEW(1.0),15/05/25 11:00:00,Annual,Euro,Feed barley - prices per 100 kg,Spain,2018,16.56,,
ESTAT:APRI_AP_CRPOUTA$DEFAULTVIEW(1.0),15/05/25 11:00:00,Annual,Euro,Feed barley - prices per 100 kg,Spain,2019,16.90,,
ESTAT:APRI_AP_CRPOUTA$DEFAULTVIEW(1.0),15/05/25 11:00:00,Annual,Euro,Feed barley - prices per 100 kg,Spain,2020,15.44,,
ESTAT:APRI_AP_CRPOUTA$DEFAULTVIEW(1.0),15/05/25 11:00:00,Annual,Euro,Feed barley - prices per 100 kg,Spain,2021,21.23,,
ESTAT:APRI_AP_CRPOUTA$DEFAULTVIEW(1.0),15/05/25 11:00:00,Annual,Euro,Feed barley - prices per 100 kg,Spain,2022,31.42,,
ESTAT:APRI_AP_CRPOUTA$DEFAULTVIEW(1.0),15/05/25 11:00:00,Annual,Euro,Feed barley - prices per 100 kg,Spain,2023,23.87,,
ESTAT:APRI_AP_CRPOUTA$DEFAULTVIEW(1.0),15/05/25 11:00:00,Annual,Euro,Feed barley - prices per 100 kg,Spain,2024,18.81,,
ESTAT:APRI_AP_CRPOUTA$DEFAULTVIEW(1.0),15/05/25 11:00:00,Annual,Euro,Feed barley - prices per 100 kg,Finland,2015,13.61,,
ESTAT:APRI_AP_CRPOUTA$DEFAULTVIEW(1.0),15/05/25 11:00:00,Annual,Euro,Feed barley - prices per 100 kg,Finland,2016,12.36,,
ESTAT:APRI_AP_CRPOUTA$DEFAULTVIEW(1.0),15/05/25 11:00:00,Annual,Euro,Feed barley - prices per 100 kg,Finland,2017,12.93,,
ESTAT:APRI_AP_CRPOUTA$DEFAULTVIEW(1.0),15/05/25 11:00:00,Annual,Euro,Feed barley - prices per 100 kg,Finland,2018,17.09,,
ESTAT:APRI_AP_CRPOUTA$DEFAULTVIEW(1.0),15/05/25 11:00:00,Annual,Euro,Feed barley - prices per 100 kg,Finland,2019,15.54,,
ESTAT:APRI_AP_CRPOUTA$DEFAULTVIEW(1.0),15/05/25 11:00:00,Annual,Euro,Feed barley - prices per 100 kg,Finland,2020,13.93,,
ESTAT:APRI_AP_CRPOUTA$DEFAULTVIEW(1.0),15/05/25 11:00:00,Annual,Euro,Feed barley - prices per 100 kg,Finland,2021,18.93,,
ESTAT:APRI_AP_CRPOUTA$DEFAULTVIEW(1.0),15/05/25 11:00:00,Annual,Euro,Feed barley - prices per 100 kg,Finland,2022,30.74,,
ESTAT:APRI_AP_CRPOUTA$DEFAULTVIEW(1.0),15/05/25 11:00:00,Annual,Euro,Feed barley - prices per 100 kg,Finland,2023,22.49,,
ESTAT:APRI_AP_CRPOUTA$DEFAULTVIEW(1.0),15/05/25 11:00:00,Annual,Euro,Feed barley - prices per 100 kg,Finland,2024,18.65,,
ESTAT:APRI_AP_CRPOUTA$DEFAULTVIEW(1.0),15/05/25 11:00:00,Annual,Euro,Feed barley - prices per 100 kg,France,2015,22.80,,
ESTAT:APRI_AP_CRPOUTA$DEFAULTVIEW(1.0),15/05/25 11:00:00,Annual,Euro,Feed barley - prices per 100 kg,France,2016,18.70,,
ESTAT:APRI_AP_CRPOUTA$DEFAULTVIEW(1.0),15/05/25 11:00:00,Annual,Euro,Feed barley - prices per 100 kg,Croatia,2015,13.83,,
ESTAT:APRI_AP_CRPOUTA$DEFAULTVIEW(1.0),15/05/25 11:00:00,Annual,Euro,Feed barley - prices per 100 kg,Croatia,2016,12.70,,
ESTAT:APRI_AP_CRPOUTA$DEFAULTVIEW(1.0),15/05/25 11:00:00,Annual,Euro,Feed barley - prices per 100 kg,Croatia,2017,11.66,,
ESTAT:APRI_AP_CRPOUTA$DEFAULTVIEW(1.0),15/05/25 11:00:00,Annual,Euro,Feed barley - prices per 100 kg,Croatia,2018,13.21,,
ESTAT:APRI_AP_CRPOUTA$DEFAULTVIEW(1.0),15/05/25 11:00:00,Annual,Euro,Feed barley - prices per 100 kg,Croatia,2019,13.61,,
ESTAT:APRI_AP_CRPOUTA$DEFAULTVIEW(1.0),15/05/25 11:00:00,Annual,Euro,Feed barley - prices per 100 kg,Croatia,2020,12.11,,
ESTAT:APRI_AP_CRPOUTA$DEFAULTVIEW(1.0),15/05/25 11:00:00,Annual,Euro,Feed barley - prices per 100 kg,Croatia,2021,16.27,,
ESTAT:APRI_AP_CRPOUTA$DEFAULTVIEW(1.0),15/05/25 11:00:00,Annual,Euro,Feed barley - prices per 100 kg,Croatia,2022,27.76,,
ESTAT:APRI_AP_CRPOUTA$DEFAULTVIEW(1.0),15/05/25 11:00:00,Annual,Euro,Feed barley - prices per 100 kg,Croatia,2023,14.58,,
ESTAT:APRI_AP_CRPOUTA$DEFAULTVIEW(1.0),15/05/25 11:00:00,Annual,Euro,Feed barley - prices per 100 kg,Croatia,2024,15.47,,
ESTAT:APRI_AP_CRPOUTA$DEFAULTVIEW(1.0),15/05/25 11:00:00,Annual,Euro,Feed barley - prices per 100 kg,Hungary,2015,13.34,,
ESTAT:APRI_AP_CRPOUTA$DEFAULTVIEW(1.0),15/05/25 11:00:00,Annual,Euro,Feed barley - prices per 100 kg,Hungary,2016,11.76,,
ESTAT:APRI_AP_CRPOUTA$DEFAULTVIEW(1.0),15/05/25 11:00:00,Annual,Euro,Feed barley - prices per 100 kg,Hungary,2018,13.50,,
ESTAT:APRI_AP_CRPOUTA$DEFAULTVIEW(1.0),15/05/25 11:00:00,Annual,Euro,Feed barley - prices per 100 kg,Hungary,2019,13.55,,
ESTAT:APRI_AP_CRPOUTA$DEFAULTVIEW(1.0),15/05/25 11:00:00,Annual,Euro,Feed barley - prices per 100 kg,Hungary,2020,12.67,,
ESTAT:APRI_AP_CRPOUTA$DEFAULTVIEW(1.0),15/05/25 11:00:00,Annual,Euro,Feed barley - prices per 100 kg,Hungary,2021,16.44,,
ESTAT:APRI_AP_CRPOUTA$DEFAULTVIEW(1.0),15/05/25 11:00:00,Annual,Euro,Feed barley - prices per 100 kg,Hungary,2022,27.38,,
ESTAT:APRI_AP_CRPOUTA$DEFAULTVIEW(1.0),15/05/25 11:00:00,Annual,Euro,Feed barley - prices per 100 kg,Hungary,2023,15.12,,
ESTAT:APRI_AP_CRPOUTA$DEFAULTVIEW(1.0),15/05/25 11:00:00,Annual,Euro,Feed barley - prices per 100 kg,Hungary,2024,14.20,,
ESTAT:APRI_AP_CRPOUTA$DEFAULTVIEW(1.0),15/05/25 11:00:00,Annual,Euro,Feed barley - prices per 100 kg,Ireland,2015,,,C
ESTAT:APRI_AP_CRPOUTA$DEFAULTVIEW(1.0),15/05/25 11:00:00,Annual,Euro,Feed barley - prices per 100 kg,Ireland,2016,,,C
ESTAT:APRI_AP_CRPOUTA$DEFAULTVIEW(1.0),15/05/25 11:00:00,Annual,Euro,Feed barley - prices per 100 kg,Ireland,2017,,,C
ESTAT:APRI_AP_CRPOUTA$DEFAULTVIEW(1.0),15/05/25 11:00:00,Annual,Euro,Feed barley - prices per 100 kg,Ireland,2018,,,C
ESTAT:APRI_AP_CRPOUTA$DEFAULTVIEW(1.0),15/05/25 11:00:00,Annual,Euro,Feed barley - prices per 100 kg,Ireland,2019,,,C
ESTAT:APRI_AP_CRPOUTA$DEFAULTVIEW(1.0),15/05/25 11:00:00,Annual,Euro,Feed barley - prices per 100 kg,Ireland,2020,,,C
ESTAT:APRI_AP_CRPOUTA$DEFAULTVIEW(1.0),15/05/25 11:00:00,Annual,Euro,Feed barley - prices per 100 kg,Ireland,2021,,,C
ESTAT:APRI_AP_CRPOUTA$DEFAULTVIEW(1.0),15/05/25 11:00:00,Annual,Euro,Feed barley - prices per 100 kg,Ireland,2022,,,C
ESTAT:APRI_AP_CRPOUTA$DEFAULTVIEW(1.0),15/05/25 11:00:00,Annual,Euro,Feed barley - prices per 100 kg,Ireland,2023,,,C
ESTAT:APRI_AP_CRPOUTA$DEFAULTVIEW(1.0),15/05/25 11:00:00,Annual,Euro,Feed barley - prices per 100 kg,Ireland,2024,20.37,,
ESTAT:APRI_AP_CRPOUTA$DEFAULTVIEW(1.0),15/05/25 11:00:00,Annual,Euro,Feed barley - prices per 100 kg,Lithuania,2015,13.72,,
ESTAT:APRI_AP_CRPOUTA$DEFAULTVIEW(1.0),15/05/25 11:00:00,Annual,Euro,Feed barley - prices per 100 kg,Lithuania,2016,11.50,,
ESTAT:APRI_AP_CRPOUTA$DEFAULTVIEW(1.0),15/05/25 11:00:00,Annual,Euro,Feed barley - prices per 100 kg,Lithuania,2017,12.92,,
ESTAT:APRI_AP_CRPOUTA$DEFAULTVIEW(1.0),15/05/25 11:00:00,Annual,Euro,Feed barley - prices per 100 kg,Lithuania,2018,16.07,,
ESTAT:APRI_AP_CRPOUTA$DEFAULTVIEW(1.0),15/05/25 11:00:00,Annual,Euro,Feed barley - prices per 100 kg,Lithuania,2019,13.90,,
ESTAT:APRI_AP_CRPOUTA$DEFAULTVIEW(1.0),15/05/25 11:00:00,Annual,Euro,Feed barley - prices per 100 kg,Lithuania,2020,13.83,,
ESTAT:APRI_AP_CRPOUTA$DEFAULTVIEW(1.0),15/05/25 11:00:00,Annual,Euro,Feed barley - prices per 100 kg,Lithuania,2021,17.69,,
ESTAT:APRI_AP_CRPOUTA$DEFAULTVIEW(1.0),15/05/25 11:00:00,Annual,Euro,Feed barley - prices per 100 kg,Lithuania,2022,27.46,,
ESTAT:APRI_AP_CRPOUTA$DEFAULTVIEW(1.0),15/05/25 11:00:00,Annual,Euro,Feed barley - prices per 100 kg,Lithuania,2023,17.73,,
ESTAT:APRI_AP_CRPOUTA$DEFAULTVIEW(1.0),15/05/25 11:00:00,Annual,Euro,Feed barley - prices per 100 kg,Lithuania,2024,15.05,,
ESTAT:APRI_AP_CRPOUTA$DEFAULTVIEW(1.0),15/05/25 11:00:00,Annual,Euro,Feed barley - prices per 100 kg,Luxembourg,2015,14.17,,
ESTAT:APRI_AP_CRPOUTA$DEFAULTVIEW(1.0),15/05/25 11:00:00,Annual,Euro,Feed barley - prices per 100 kg,Luxembourg,2016,11.26,,
ESTAT:APRI_AP_CRPOUTA$DEFAULTVIEW(1.0),15/05/25 11:00:00,Annual,Euro,Feed barley - prices per 100 kg,Luxembourg,2017,12.53,,
ESTAT:APRI_AP_CRPOUTA$DEFAULTVIEW(1.0),15/05/25 11:00:00,Annual,Euro,Feed barley - prices per 100 kg,Luxembourg,2018,15.17,,
ESTAT:APRI_AP_CRPOUTA$DEFAULTVIEW(1.0),15/05/25 11:00:00,Annual,Euro,Feed barley - prices per 100 kg,Luxembourg,2019,13.31,,
ESTAT:APRI_AP_CRPOUTA$DEFAULTVIEW(1.0),15/05/25 11:00:00,Annual,Euro,Feed barley - prices per 100 kg,Luxembourg,2020,14.19,,
ESTAT:APRI_AP_CRPOUTA$DEFAULTVIEW(1.0),15/05/25 11:00:00,Annual,Euro,Feed barley - prices per 100 kg,Luxembourg,2021,,,C
ESTAT:APRI_AP_CRPOUTA$DEFAULTVIEW(1.0),15/05/25 11:00:00,Annual,Euro,Feed barley - prices per 100 kg,Luxembourg,2022,,,C
ESTAT:APRI_AP_CRPOUTA$DEFAULTVIEW(1.0),15/05/25 11:00:00,Annual,Euro,Feed barley - prices per 100 kg,Luxembourg,2023,,,C
ESTAT:APRI_AP_CRPOUTA$DEFAULTVIEW(1.0),15/05/25 11:00:00,Annual,Euro,Feed barley - prices per 100 kg,Luxembourg,2024,,,C
ESTAT:APRI_AP_CRPOUTA$DEFAULTVIEW(1.0),15/05/25 11:00:00,Annual,Euro,Feed barley - prices per 100 kg,Latvia,2015,13.24,,
ESTAT:APRI_AP_CRPOUTA$DEFAULTVIEW(1.0),15/05/25 11:00:00,Annual,Euro,Feed barley - prices per 100 kg,Latvia,2016,12.08,,
ESTAT:APRI_AP_CRPOUTA$DEFAULTVIEW(1.0),15/05/25 11:00:00,Annual,Euro,Feed barley - prices per 100 kg,Latvia,2017,12.61,,
ESTAT:APRI_AP_CRPOUTA$DEFAULTVIEW(1.0),15/05/25 11:00:00,Annual,Euro,Feed barley - prices per 100 kg,Latvia,2018,16.04,,
ESTAT:APRI_AP_CRPOUTA$DEFAULTVIEW(1.0),15/05/25 11:00:00,Annual,Euro,Feed barley - prices per 100 kg,Latvia,2019,13.88,,
ESTAT:APRI_AP_CRPOUTA$DEFAULTVIEW(1.0),15/05/25 11:00:00,Annual,Euro,Feed barley - prices per 100 kg,Latvia,2020,14.19,,
ESTAT:APRI_AP_CRPOUTA$DEFAULTVIEW(1.0),15/05/25 11:00:00,Annual,Euro,Feed barley - prices per 100 kg,Latvia,2021,18.40,,
ESTAT:APRI_AP_CRPOUTA$DEFAULTVIEW(1.0),15/05/25 11:00:00,Annual,Euro,Feed barley - prices per 100 kg,Latvia,2022,27.12,,
ESTAT:APRI_AP_CRPOUTA$DEFAULTVIEW(1.0),15/05/25 11:00:00,Annual,Euro,Feed barley - prices per 100 kg,Latvia,2023,17.83,,
ESTAT:APRI_AP_CRPOUTA$DEFAULTVIEW(1.0),15/05/25 11:00:00,Annual,Euro,Feed barley - prices per 100 kg,Latvia,2024,14.79,,
ESTAT:APRI_AP_CRPOUTA$DEFAULTVIEW(1.0),15/05/25 11:00:00,Annual,Euro,Feed barley - prices per 100 kg,Netherlands,2015,15.15,,
ESTAT:APRI_AP_CRPOUTA$DEFAULTVIEW(1.0),15/05/25 11:00:00,Annual,Euro,Feed barley - prices per 100 kg,Netherlands,2016,13.35,,
ESTAT:APRI_AP_CRPOUTA$DEFAULTVIEW(1.0),15/05/25 11:00:00,Annual,Euro,Feed barley - prices per 100 kg,Netherlands,2017,14.15,,
ESTAT:APRI_AP_CRPOUTA$DEFAULTVIEW(1.0),15/05/25 11:00:00,Annual,Euro,Feed barley - prices per 100 kg,Netherlands,2018,19.15,,
ESTAT:APRI_AP_CRPOUTA$DEFAULTVIEW(1.0),15/05/25 11:00:00,Annual,Euro,Feed barley - prices per 100 kg,Netherlands,2019,15.25,,
ESTAT:APRI_AP_CRPOUTA$DEFAULTVIEW(1.0),15/05/25 11:00:00,Annual,Euro,Feed barley - prices per 100 kg,Netherlands,2020,16.50,,
ESTAT:APRI_AP_CRPOUTA$DEFAULTVIEW(1.0),15/05/25 11:00:00,Annual,Euro,Feed barley - prices per 100 kg,Netherlands,2021,22.90,,
ESTAT:APRI_AP_CRPOUTA$DEFAULTVIEW(1.0),15/05/25 11:00:00,Annual,Euro,Feed barley - prices per 100 kg,Netherlands,2022,29.00,,
ESTAT:APRI_AP_CRPOUTA$DEFAULTVIEW(1.0),15/05/25 11:00:00,Annual,Euro,Feed barley - prices per 100 kg,Netherlands,2023,20.35,,
ESTAT:APRI_AP_CRPOUTA$DEFAULTVIEW(1.0),15/05/25 11:00:00,Annual,Euro,Feed barley - prices per 100 kg,Netherlands,2024,18.50,,
ESTAT:APRI_AP_CRPOUTA$DEFAULTVIEW(1.0),15/05/25 11:00:00,Annual,Euro,Feed barley - prices per 100 kg,Poland,2015,13.62,,
ESTAT:APRI_AP_CRPOUTA$DEFAULTVIEW(1.0),15/05/25 11:00:00,Annual,Euro,Feed barley - prices per 100 kg,Poland,2016,12.28,,
ESTAT:APRI_AP_CRPOUTA$DEFAULTVIEW(1.0),15/05/25 11:00:00,Annual,Euro,Feed barley - prices per 100 kg,Poland,2017,13.80,,
ESTAT:APRI_AP_CRPOUTA$DEFAULTVIEW(1.0),15/05/25 11:00:00,Annual,Euro,Feed barley - prices per 100 kg,Poland,2018,15.72,,
ESTAT:APRI_AP_CRPOUTA$DEFAULTVIEW(1.0),15/05/25 11:00:00,Annual,Euro,Feed barley - prices per 100 kg,Poland,2019,15.42,p,
ESTAT:APRI_AP_CRPOUTA$DEFAULTVIEW(1.0),15/05/25 11:00:00,Annual,Euro,Feed barley - prices per 100 kg,Poland,2020,13.94,p,
ESTAT:APRI_AP_CRPOUTA$DEFAULTVIEW(1.0),15/05/25 11:00:00,Annual,Euro,Feed barley - prices per 100 kg,Poland,2021,17.20,p,
ESTAT:APRI_AP_CRPOUTA$DEFAULTVIEW(1.0),15/05/25 11:00:00,Annual,Euro,Feed barley - prices per 100 kg,Poland,2022,26.67,,
ESTAT:APRI_AP_CRPOUTA$DEFAULTVIEW(1.0),15/05/25 11:00:00,Annual,Euro,Feed barley - prices per 100 kg,Poland,2023,18.08,,
ESTAT:APRI_AP_CRPOUTA$DEFAULTVIEW(1.0),15/05/25 11:00:00,Annual,Euro,Feed barley - prices per 100 kg,Poland,2024,15.99,,
ESTAT:APRI_AP_CRPOUTA$DEFAULTVIEW(1.0),15/05/25 11:00:00,Annual,Euro,Feed barley - prices per 100 kg,Portugal,2015,18.00,,
ESTAT:APRI_AP_CRPOUTA$DEFAULTVIEW(1.0),15/05/25 11:00:00,Annual,Euro,Feed barley - prices per 100 kg,Portugal,2016,18.96,,
ESTAT:APRI_AP_CRPOUTA$DEFAULTVIEW(1.0),15/05/25 11:00:00,Annual,Euro,Feed barley - prices per 100 kg,Portugal,2017,16.50,,
ESTAT:APRI_AP_CRPOUTA$DEFAULTVIEW(1.0),15/05/25 11:00:00,Annual,Euro,Feed barley - prices per 100 kg,Portugal,2018,17.04,,
ESTAT:APRI_AP_CRPOUTA$DEFAULTVIEW(1.0),15/05/25 11:00:00,Annual,Euro,Feed barley - prices per 100 kg,Portugal,2019,17.00,,
ESTAT:APRI_AP_CRPOUTA$DEFAULTVIEW(1.0),15/05/25 11:00:00,Annual,Euro,Feed barley - prices per 100 kg,Portugal,2020,19.00,,
ESTAT:APRI_AP_CRPOUTA$DEFAULTVIEW(1.0),15/05/25 11:00:00,Annual,Euro,Feed barley - prices per 100 kg,Portugal,2021,22.30,,
ESTAT:APRI_AP_CRPOUTA$DEFAULTVIEW(1.0),15/05/25 11:00:00,Annual,Euro,Feed barley - prices per 100 kg,Portugal,2022,39.00,,
ESTAT:APRI_AP_CRPOUTA$DEFAULTVIEW(1.0),15/05/25 11:00:00,Annual,Euro,Feed barley - prices per 100 kg,Portugal,2023,26.25,,
ESTAT:APRI_AP_CRPOUTA$DEFAULTVIEW(1.0),15/05/25 11:00:00,Annual,Euro,Feed barley - prices per 100 kg,Portugal,2024,23.85,,
ESTAT:APRI_AP_CRPOUTA$DEFAULTVIEW(1.0),15/05/25 11:00:00,Annual,Euro,Feed barley - prices per 100 kg,Romania,2015,20.02,,
ESTAT:APRI_AP_CRPOUTA$DEFAULTVIEW(1.0),15/05/25 11:00:00,Annual,Euro,Feed barley - prices per 100 kg,Romania,2016,18.48,,
ESTAT:APRI_AP_CRPOUTA$DEFAULTVIEW(1.0),15/05/25 11:00:00,Annual,Euro,Feed barley - prices per 100 kg,Romania,2017,18.17,,
ESTAT:APRI_AP_CRPOUTA$DEFAULTVIEW(1.0),15/05/25 11:00:00,Annual,Euro,Feed barley - prices per 100 kg,Romania,2018,18.26,,
ESTAT:APRI_AP_CRPOUTA$DEFAULTVIEW(1.0),15/05/25 11:00:00,Annual,Euro,Feed barley - prices per 100 kg,Romania,2019,18.97,,
ESTAT:APRI_AP_CRPOUTA$DEFAULTVIEW(1.0),15/05/25 11:00:00,Annual,Euro,Feed barley - prices per 100 kg,Romania,2020,20.05,,
ESTAT:APRI_AP_CRPOUTA$DEFAULTVIEW(1.0),15/05/25 11:00:00,Annual,Euro,Feed barley - prices per 100 kg,Romania,2021,21.54,,
ESTAT:APRI_AP_CRPOUTA$DEFAULTVIEW(1.0),15/05/25 11:00:00,Annual,Euro,Feed barley - prices per 100 kg,Romania,2022,27.38,,
ESTAT:APRI_AP_CRPOUTA$DEFAULTVIEW(1.0),15/05/25 11:00:00,Annual,Euro,Feed barley - prices per 100 kg,Romania,2023,22.03,,
ESTAT:APRI_AP_CRPOUTA$DEFAULTVIEW(1.0),15/05/25 11:00:00,Annual,Euro,Feed barley - prices per 100 kg,Romania,2024,16.08,,
ESTAT:APRI_AP_CRPOUTA$DEFAULTVIEW(1.0),15/05/25 11:00:00,Annual,Euro,Feed barley - prices per 100 kg,Sweden,2015,12.29,,
ESTAT:APRI_AP_CRPOUTA$DEFAULTVIEW(1.0),15/05/25 11:00:00,Annual,Euro,Feed barley - prices per 100 kg,Sweden,2016,11.48,,
ESTAT:APRI_AP_CRPOUTA$DEFAULTVIEW(1.0),15/05/25 11:00:00,Annual,Euro,Feed barley - prices per 100 kg,Sweden,2017,11.91,,
ESTAT:APRI_AP_CRPOUTA$DEFAULTVIEW(1.0),15/05/25 11:00:00,Annual,Euro,Feed barley - prices per 100 kg,Sweden,2018,17.29,,
ESTAT:APRI_AP_CRPOUTA$DEFAULTVIEW(1.0),15/05/25 11:00:00,Annual,Euro,Feed barley - prices per 100 kg,Sweden,2019,12.35,,
ESTAT:APRI_AP_CRPOUTA$DEFAULTVIEW(1.0),15/05/25 11:00:00,Annual,Euro,Feed barley - prices per 100 kg,Sweden,2020,13.02,,
ESTAT:APRI_AP_CRPOUTA$DEFAULTVIEW(1.0),15/05/25 11:00:00,Annual,Euro,Feed barley - prices per 100 kg,Sweden,2021,16.64,,
ESTAT:APRI_AP_CRPOUTA$DEFAULTVIEW(1.0),15/05/25 11:00:00,Annual,Euro,Feed barley - prices per 100 kg,Sweden,2022,26.42,,
ESTAT:APRI_AP_CRPOUTA$DEFAULTVIEW(1.0),15/05/25 11:00:00,Annual,Euro,Feed barley - prices per 100 kg,Sweden,2023,19.45,,
ESTAT:APRI_AP_CRPOUTA$DEFAULTVIEW(1.0),15/05/25 11:00:00,Annual,Euro,Feed barley - prices per 100 kg,Sweden,2024,16.09,,
ESTAT:APRI_AP_CRPOUTA$DEFAULTVIEW(1.0),15/05/25 11:00:00,Annual,Euro,Feed barley - prices per 100 kg,Slovenia,2015,13.38,,
ESTAT:APRI_AP_CRPOUTA$DEFAULTVIEW(1.0),15/05/25 11:00:00,Annual,Euro,Feed barley - prices per 100 kg,Slovenia,2016,13.30,,
ESTAT:APRI_AP_CRPOUTA$DEFAULTVIEW(1.0),15/05/25 11:00:00,Annual,Euro,Feed barley - prices per 100 kg,Slovenia,2017,12.88,,
ESTAT:APRI_AP_CRPOUTA$DEFAULTVIEW(1.0),15/05/25 11:00:00,Annual,Euro,Feed barley - prices per 100 kg,Slovenia,2018,14.24,,
ESTAT:APRI_AP_CRPOUTA$DEFAULTVIEW(1.0),15/05/25 11:00:00,Annual,Euro,Feed barley - prices per 100 kg,Slovenia,2019,13.72,,
ESTAT:APRI_AP_CRPOUTA$DEFAULTVIEW(1.0),15/05/25 11:00:00,Annual,Euro,Feed barley - prices per 100 kg,Slovenia,2020,12.54,,
ESTAT:APRI_AP_CRPOUTA$DEFAULTVIEW(1.0),15/05/25 11:00:00,Annual,Euro,Feed barley - prices per 100 kg,Slovenia,2021,16.83,,
ESTAT:APRI_AP_CRPOUTA$DEFAULTVIEW(1.0),15/05/25 11:00:00,Annual,Euro,Feed barley - prices per 100 kg,Slovenia,2022,27.83,,
ESTAT:APRI_AP_CRPOUTA$DEFAULTVIEW(1.0),15/05/25 11:00:00,Annual,Euro,Feed barley - prices per 100 kg,Slovenia,2023,15.09,,
ESTAT:APRI_AP_CRPOUTA$DEFAULTVIEW(1.0),15/05/25 11:00:00,Annual,Euro,Feed barley - prices per 100 kg,Slovenia,2024,15.16,,
ESTAT:APRI_AP_CRPOUTA$DEFAULTVIEW(1.0),15/05/25 11:00:00,Annual,Euro,Feed barley - prices per 100 kg,Slovakia,2015,12.61,,
ESTAT:APRI_AP_CRPOUTA$DEFAULTVIEW(1.0),15/05/25 11:00:00,Annual,Euro,Feed barley - prices per 100 kg,Slovakia,2016,11.27,,
ESTAT:APRI_AP_CRPOUTA$DEFAULTVIEW(1.0),15/05/25 11:00:00,Annual,Euro,Feed barley - prices per 100 kg,Slovakia,2017,12.09,,
ESTAT:APRI_AP_CRPOUTA$DEFAULTVIEW(1.0),15/05/25 11:00:00,Annual,Euro,Feed barley - prices per 100 kg,Slovakia,2018,13.40,,
ESTAT:APRI_AP_CRPOUTA$DEFAULTVIEW(1.0),15/05/25 11:00:00,Annual,Euro,Feed barley - prices per 100 kg,Slovakia,2019,13.52,,
ESTAT:APRI_AP_CRPOUTA$DEFAULTVIEW(1.0),15/05/25 11:00:00,Annual,Euro,Feed barley - prices per 100 kg,Slovakia,2020,12.42,,
ESTAT:APRI_AP_CRPOUTA$DEFAULTVIEW(1.0),15/05/25 11:00:00,Annual,Euro,Feed barley - prices per 100 kg,Slovakia,2021,15.51,,
ESTAT:APRI_AP_CRPOUTA$DEFAULTVIEW(1.0),15/05/25 11:00:00,Annual,Euro,Feed barley - prices per 100 kg,Slovakia,2022,24.43,,
ESTAT:APRI_AP_CRPOUTA$DEFAULTVIEW(1.0),15/05/25 11:00:00,Annual,Euro,Feed barley - prices per 100 kg,Slovakia,2023,16.64,,
ESTAT:APRI_AP_CRPOUTA$DEFAULTVIEW(1.0),15/05/25 11:00:00,Annual,Euro,Feed barley - prices per 100 kg,Slovakia,2024,17.89,,
ESTAT:APRI_AP_CRPOUTA$DEFAULTVIEW(1.0),15/05/25 11:00:00,Annual,National currency,Soft wheat - prices per 100 kg,Austria,2015,13.72,,
ESTAT:APRI_AP_CRPOUTA$DEFAULTVIEW(1.0),15/05/25 11:00:00,Annual,National currency,Soft wheat - prices per 100 kg,Austria,2016,11.55,,
ESTAT:APRI_AP_CRPOUTA$DEFAULTVIEW(1.0),15/05/25 11:00:00,Annual,National currency,Soft wheat - prices per 100 kg,Austria,2017,14.46,,
ESTAT:APRI_AP_CRPOUTA$DEFAULTVIEW(1.0),15/05/25 11:00:00,Annual,National currency,Soft wheat - prices per 100 kg,Austria,2018,15.41,,
ESTAT:APRI_AP_CRPOUTA$DEFAULTVIEW(1.0),15/05/25 11:00:00,Annual,National currency,Soft wheat - prices per 100 kg,Austria,2019,14.63,,
ESTAT:APRI_AP_CRPOUTA$DEFAULTVIEW(1.0),15/05/25 11:00:00,Annual,National currency,Soft wheat - prices per 100 kg,Austria,2020,14.88,,
ESTAT:APRI_AP_CRPOUTA$DEFAULTVIEW(1.0),15/05/25 11:00:00,Annual,National currency,Soft wheat - prices per 100 kg,Austria,2021,22.65,,
ESTAT:APRI_AP_CRPOUTA$DEFAULTVIEW(1.0),15/05/25 11:00:00,Annual,National currency,Soft wheat - prices per 100 kg,Austria,2022,28.05,,
ESTAT:APRI_AP_CRPOUTA$DEFAULTVIEW(1.0),15/05/25 11:00:00,Annual,National currency,Soft wheat - prices per 100 kg,Austria,2023,17.90,,
ESTAT:APRI_AP_CRPOUTA$DEFAULTVIEW(1.0),15/05/25 11:00:00,Annual,National currency,Soft wheat - prices per 100 kg,Austria,2024,17.60,p,
ESTAT:APRI_AP_CRPOUTA$DEFAULTVIEW(1.0),15/05/25 11:00:00,Annual,National currency,Soft wheat - prices per 100 kg,Belgium,2015,15.44,,
ESTAT:APRI_AP_CRPOUTA$DEFAULTVIEW(1.0),15/05/25 11:00:00,Annual,National currency,Soft wheat - prices per 100 kg,Belgium,2016,13.34,,
ESTAT:APRI_AP_CRPOUTA$DEFAULTVIEW(1.0),15/05/25 11:00:00,Annual,National currency,Soft wheat - prices per 100 kg,Belgium,2017,14.14,,
ESTAT:APRI_AP_CRPOUTA$DEFAULTVIEW(1.0),15/05/25 11:00:00,Annual,National currency,Soft wheat - prices per 100 kg,Belgium,2018,16.66,,
ESTAT:APRI_AP_CRPOUTA$DEFAULTVIEW(1.0),15/05/25 11:00:00,Annual,National currency,Soft wheat - prices per 100 kg,Belgium,2019,15.59,,
ESTAT:APRI_AP_CRPOUTA$DEFAULTVIEW(1.0),15/05/25 11:00:00,Annual,National currency,Soft wheat - prices per 100 kg,Belgium,2020,17.45,,
ESTAT:APRI_AP_CRPOUTA$DEFAULTVIEW(1.0),15/05/25 11:00:00,Annual,National currency,Soft wheat - prices per 100 kg,Belgium,2021,23.30,,
ESTAT:APRI_AP_CRPOUTA$DEFAULTVIEW(1.0),15/05/25 11:00:00,Annual,National currency,Soft wheat - prices per 100 kg,Belgium,2022,32.11,,
ESTAT:APRI_AP_CRPOUTA$DEFAULTVIEW(1.0),15/05/25 11:00:00,Annual,National currency,Soft wheat - prices per 100 kg,Belgium,2023,21.05,,
ESTAT:APRI_AP_CRPOUTA$DEFAULTVIEW(1.0),15/05/25 11:00:00,Annual,National currency,Soft wheat - prices per 100 kg,Belgium,2024,18.13,,
ESTAT:APRI_AP_CRPOUTA$DEFAULTVIEW(1.0),15/05/25 11:00:00,Annual,National currency,Soft wheat - prices per 100 kg,Bulgaria,2015,30.49,,
ESTAT:APRI_AP_CRPOUTA$DEFAULTVIEW(1.0),15/05/25 11:00:00,Annual,National currency,Soft wheat - prices per 100 kg,Bulgaria,2016,27.49,,
ESTAT:APRI_AP_CRPOUTA$DEFAULTVIEW(1.0),15/05/25 11:00:00,Annual,National currency,Soft wheat - prices per 100 kg,Bulgaria,2017,30.26,,
ESTAT:APRI_AP_CRPOUTA$DEFAULTVIEW(1.0),15/05/25 11:00:00,Annual,National currency,Soft wheat - prices per 100 kg,Bulgaria,2018,30.11,,
ESTAT:APRI_AP_CRPOUTA$DEFAULTVIEW(1.0),15/05/25 11:00:00,Annual,National currency,Soft wheat - prices per 100 kg,Bulgaria,2019,29.75,,
ESTAT:APRI_AP_CRPOUTA$DEFAULTVIEW(1.0),15/05/25 11:00:00,Annual,National currency,Soft wheat - prices per 100 kg,Bulgaria,2020,32.78,,
ESTAT:APRI_AP_CRPOUTA$DEFAULTVIEW(1.0),15/05/25 11:00:00,Annual,National currency,Soft wheat - prices per 100 kg,Bulgaria,2021,39.99,,
ESTAT:APRI_AP_CRPOUTA$DEFAULTVIEW(1.0),15/05/25 11:00:00,Annual,National currency,Soft wheat - prices per 100 kg,Bulgaria,2022,60.78,,
ESTAT:APRI_AP_CRPOUTA$DEFAULTVIEW(1.0),15/05/25 11:00:00,Annual,National currency,Soft wheat - prices per 100 kg,Bulgaria,2023,41.52,,
ESTAT:APRI_AP_CRPOUTA$DEFAULTVIEW(1.0),15/05/25 11:00:00,Annual,National currency,Soft wheat - prices per 100 kg,Bulgaria,2024,36.21,,
ESTAT:APRI_AP_CRPOUTA$DEFAULTVIEW(1.0),15/05/25 11:00:00,Annual,National currency,Soft wheat - prices per 100 kg,Cyprus,2020,19.66,,
ESTAT:APRI_AP_CRPOUTA$DEFAULTVIEW(1.0),15/05/25 11:00:00,Annual,National currency,Soft wheat - prices per 100 kg,Cyprus,2021,23.79,,
ESTAT:APRI_AP_CRPOUTA$DEFAULTVIEW(1.0),15/05/25 11:00:00,Annual,National currency,Soft wheat - prices per 100 kg,Cyprus,2022,38.52,,
ESTAT:APRI_AP_CRPOUTA$DEFAULTVIEW(1.0),15/05/25 11:00:00,Annual,National currency,Soft wheat - prices per 100 kg,Cyprus,2023,25.37,,
ESTAT:APRI_AP_CRPOUTA$DEFAULTVIEW(1.0),15/05/25 11:00:00,Annual,National currency,Soft wheat - prices per 100 kg,Cyprus,2024,23.46,,
ESTAT:APRI_AP_CRPOUTA$DEFAULTVIEW(1.0),15/05/25 11:00:00,Annual,National currency,Soft wheat - prices per 100 kg,Czechia,2015,432.00,,
ESTAT:APRI_AP_CRPOUTA$DEFAULTVIEW(1.0),15/05/25 11:00:00,Annual,National currency,Soft wheat - prices per 100 kg,Czechia,2016,370.00,,
ESTAT:APRI_AP_CRPOUTA$DEFAULTVIEW(1.0),15/05/25 11:00:00,Annual,National currency,Soft wheat - prices per 100 kg,Czechia,2017,382.00,,
ESTAT:APRI_AP_CRPOUTA$DEFAULTVIEW(1.0),15/05/25 11:00:00,Annual,National currency,Soft wheat - prices per 100 kg,Czechia,2018,410.00,,
ESTAT:APRI_AP_CRPOUTA$DEFAULTVIEW(1.0),15/05/25 11:00:00,Annual,National currency,Soft wheat - prices per 100 kg,Czechia,2019,435.00,,
ESTAT:APRI_AP_CRPOUTA$DEFAULTVIEW(1.0),15/05/25 11:00:00,Annual,National currency,Soft wheat - prices per 100 kg,Czechia,2020,417.00,,
ESTAT:APRI_AP_CRPOUTA$DEFAULTVIEW(1.0),15/05/25 11:00:00,Annual,National currency,Soft wheat - prices per 100 kg,Czechia,2021,502.00,,
ESTAT:APRI_AP_CRPOUTA$DEFAULTVIEW(1.0),15/05/25 11:00:00,Annual,National currency,Soft wheat - prices per 100 kg,Czechia,2022,761.00,,
ESTAT:APRI_AP_CRPOUTA$DEFAULTVIEW(1.0),15/05/25 11:00:00,Annual,National currency,Soft wheat - prices per 100 kg,Czechia,2023,583.00,,
ESTAT:APRI_AP_CRPOUTA$DEFAULTVIEW(1.0),15/05/25 11:00:00,Annual,National currency,Soft wheat - prices per 100 kg,Czechia,2024,477.00,,
ESTAT:APRI_AP_CRPOUTA$DEFAULTVIEW(1.0),15/05/25 11:00:00,Annual,National currency,Soft wheat - prices per 100 kg,Germany,2015,16.15,,
ESTAT:APRI_AP_CRPOUTA$DEFAULTVIEW(1.0),15/05/25 11:00:00,Annual,National currency,Soft wheat - prices per 100 kg,Germany,2016,14.05,,
ESTAT:APRI_AP_CRPOUTA$DEFAULTVIEW(1.0),15/05/25 11:00:00,Annual,National currency,Soft wheat - prices per 100 kg,Germany,2017,15.13,,
ESTAT:APRI_AP_CRPOUTA$DEFAULTVIEW(1.0),15/05/25 11:00:00,Annual,National currency,Soft wheat - prices per 100 kg,Germany,2018,16.84,,
ESTAT:APRI_AP_CRPOUTA$DEFAULTVIEW(1.0),15/05/25 11:00:00,Annual,National currency,Soft wheat - prices per 100 kg,Germany,2019,16.69,,
ESTAT:APRI_AP_CRPOUTA$DEFAULTVIEW(1.0),15/05/25 11:00:00,Annual,National currency,Soft wheat - prices per 100 kg,Germany,2020,17.21,,
ESTAT:APRI_AP_CRPOUTA$DEFAULTVIEW(1.0),15/05/25 11:00:00,Annual,National currency,Soft wheat - prices per 100 kg,Germany,2021,21.96,,
ESTAT:APRI_AP_CRPOUTA$DEFAULTVIEW(1.0),15/05/25 11:00:00,Annual,National currency,Soft wheat - prices per 100 kg,Germany,2022,32.10,,
ESTAT:APRI_AP_CRPOUTA$DEFAULTVIEW(1.0),15/05/25 11:00:00,Annual,National currency,Soft wheat - prices per 100 kg,Germany,2023,25.64,,
ESTAT:APRI_AP_CRPOUTA$DEFAULTVIEW(1.0),15/05/25 11:00:00,Annual,National currency,Soft wheat - prices per 100 kg,Germany,2024,23.97,,
ESTAT:APRI_AP_CRPOUTA$DEFAULTVIEW(1.0),15/05/25 11:00:00,Annual,National currency,Soft wheat - prices per 100 kg,Denmark,2015,115.64,,
ESTAT:APRI_AP_CRPOUTA$DEFAULTVIEW(1.0),15/05/25 11:00:00,Annual,National currency,Soft wheat - prices per 100 kg,Denmark,2016,105.01,,
ESTAT:APRI_AP_CRPOUTA$DEFAULTVIEW(1.0),15/05/25 11:00:00,Annual,National currency,Soft wheat - prices per 100 kg,Denmark,2017,111.32,,
ESTAT:APRI_AP_CRPOUTA$DEFAULTVIEW(1.0),15/05/25 11:00:00,Annual,National currency,Soft wheat - prices per 100 kg,Denmark,2018,125.61,,
ESTAT:APRI_AP_CRPOUTA$DEFAULTVIEW(1.0),15/05/25 11:00:00,Annual,National currency,Soft wheat - prices per 100 kg,Denmark,2019,134.14,,
ESTAT:APRI_AP_CRPOUTA$DEFAULTVIEW(1.0),15/05/25 11:00:00,Annual,National currency,Soft wheat - prices per 100 kg,Denmark,2020,124.05,,
ESTAT:APRI_AP_CRPOUTA$DEFAULTVIEW(1.0),15/05/25 11:00:00,Annual,National currency,Soft wheat - prices per 100 kg,Denmark,2021,144.89,,
ESTAT:APRI_AP_CRPOUTA$DEFAULTVIEW(1.0),15/05/25 11:00:00,Annual,National currency,Soft wheat - prices per 100 kg,Denmark,2022,203.60,,
ESTAT:APRI_AP_CRPOUTA$DEFAULTVIEW(1.0),15/05/25 11:00:00,Annual,National currency,Soft wheat - prices per 100 kg,Denmark,2023,187.55,,
ESTAT:APRI_AP_CRPOUTA$DEFAULTVIEW(1.0),15/05/25 11:00:00,Annual,National currency,Soft wheat - prices per 100 kg,Denmark,2024,158.41,,
ESTAT:APRI_AP_CRPOUTA$DEFAULTVIEW(1.0),15/05/25 11:00:00,Annual,National currency,Soft wheat - prices per 100 kg,Estonia,2015,15.97,,
ESTAT:APRI_AP_CRPOUTA$DEFAULTVIEW(1.0),15/05/25 11:00:00,Annual,National currency,Soft wheat - prices per 100 kg,Estonia,2016,14.64,,
ESTAT:APRI_AP_CRPOUTA$DEFAULTVIEW(1.0),15/05/25 11:00:00,Annual,National currency,Soft wheat - prices per 100 kg,Estonia,2017,15.50,,
ESTAT:APRI_AP_CRPOUTA$DEFAULTVIEW(1.0),15/05/25 11:00:00,Annual,National currency,Soft wheat - prices per 100 kg,Estonia,2018,16.41,,
ESTAT:APRI_AP_CRPOUTA$DEFAULTVIEW(1.0),15/05/25 11:00:00,Annual,National currency,Soft wheat - prices per 100 kg,Estonia,2019,16.79,,
ESTAT:APRI_AP_CRPOUTA$DEFAULTVIEW(1.0),15/05/25 11:00:00,Annual,National currency,Soft wheat - prices per 100 kg,Estonia,2020,16.78,,
ESTAT:APRI_AP_CRPOUTA$DEFAULTVIEW(1.0),15/05/25 11:00:00,Annual,National currency,Soft wheat - prices per 100 kg,Estonia,2021,21.10,,
ESTAT:APRI_AP_CRPOUTA$DEFAULTVIEW(1.0),15/05/25 11:00:00,Annual,National currency,Soft wheat - prices per 100 kg,Estonia,2022,32.02,,
ESTAT:APRI_AP_CRPOUTA$DEFAULTVIEW(1.0),15/05/25 11:00:00,Annual,National currency,Soft wheat - prices per 100 kg,Estonia,2023,23.80,,
ESTAT:APRI_AP_CRPOUTA$DEFAULTVIEW(1.0),15/05/25 11:00:00,Annual,National currency,Soft wheat - prices per 100 kg,Estonia,2024,20.85,,
ESTAT:APRI_AP_CRPOUTA$DEFAULTVIEW(1.0),15/05/25 11:00:00,Annual,National currency,Soft wheat - prices per 100 kg,Greece,2015,19.40,,
ESTAT:APRI_AP_CRPOUTA$DEFAULTVIEW(1.0),15/05/25 11:00:00,Annual,National currency,Soft wheat - prices per 100 kg,Greece,2016,18.52,,
ESTAT:APRI_AP_CRPOUTA$DEFAULTVIEW(1.0),15/05/25 11:00:00,Annual,National currency,Soft wheat - prices per 100 kg,Greece,2017,18.84,,
ESTAT:APRI_AP_CRPOUTA$DEFAULTVIEW(1.0),15/05/25 11:00:00,Annual,National currency,Soft wheat - prices per 100 kg,Greece,2018,18.45,,
ESTAT:APRI_AP_CRPOUTA$DEFAULTVIEW(1.0),15/05/25 11:00:00,Annual,National currency,Soft wheat - prices per 100 kg,Greece,2019,19.08,,
ESTAT:APRI_AP_CRPOUTA$DEFAULTVIEW(1.0),15/05/25 11:00:00,Annual,National currency,Soft wheat - prices per 100 kg,Greece,2020,19.77,,
ESTAT:APRI_AP_CRPOUTA$DEFAULTVIEW(1.0),15/05/25 11:00:00,Annual,National currency,Soft wheat - prices per 100 kg,Greece,2021,23.27,,
ESTAT:APRI_AP_CRPOUTA$DEFAULTVIEW(1.0),15/05/25 11:00:00,Annual,National currency,Soft wheat - prices per 100 kg,Greece,2022,38.30,,
ESTAT:APRI_AP_CRPOUTA$DEFAULTVIEW(1.0),15/05/25 11:00:00,Annual,National currency,Soft wheat - prices per 100 kg,Greece,2023,25.88,,
ESTAT:APRI_AP_CRPOUTA$DEFAULTVIEW(1.0),15/05/25 11:00:00,Annual,National currency,Soft wheat - prices per 100 kg,Greece,2024,23.14,,
ESTAT:APRI_AP_CRPOUTA$DEFAULTVIEW(1.0),15/05/25 11:00:00,Annual,National currency,Soft wheat - prices per 100 kg,Spain,2015,18.12,,
ESTAT:APRI_AP_CRPOUTA$DEFAULTVIEW(1.0),15/05/25 11:00:00,Annual,National currency,Soft wheat - prices per 100 kg,Spain,2016,15.73,,
ESTAT:APRI_AP_CRPOUTA$DEFAULTVIEW(1.0),15/05/25 11:00:00,Annual,National currency,Soft wheat - prices per 100 kg,Spain,2017,17.64,,
ESTAT:APRI_AP_CRPOUTA$DEFAULTVIEW(1.0),15/05/25 11:00:00,Annual,National currency,Soft wheat - prices per 100 kg,Spain,2018,18.29,,
ESTAT:APRI_AP_CRPOUTA$DEFAULTVIEW(1.0),15/05/25 11:00:00,Annual,National currency,Soft wheat - prices per 100 kg,Spain,2019,18.66,,
ESTAT:APRI_AP_CRPOUTA$DEFAULTVIEW(1.0),15/05/25 11:00:00,Annual,National currency,Soft wheat - prices per 100 kg,Spain,2020,18.57,,
ESTAT:APRI_AP_CRPOUTA$DEFAULTVIEW(1.0),15/05/25 11:00:00,Annual,National currency,Soft wheat - prices per 100 kg,Spain,2021,23.64,,
ESTAT:APRI_AP_CRPOUTA$DEFAULTVIEW(1.0),15/05/25 11:00:00,Annual,National currency,Soft wheat - prices per 100 kg,Spain,2022,34.21,,
ESTAT:APRI_AP_CRPOUTA$DEFAULTVIEW(1.0),15/05/25 11:00:00,Annual,National currency,Soft wheat - prices per 100 kg,Spain,2023,26.14,,
ESTAT:APRI_AP_CRPOUTA$DEFAULTVIEW(1.0),15/05/25 11:00:00,Annual,National currency,Soft wheat - prices per 100 kg,Spain,2024,21.85,,
ESTAT:APRI_AP_CRPOUTA$DEFAULTVIEW(1.0),15/05/25 11:00:00,Annual,National currency,Soft wheat - prices per 100 kg,Finland,2015,16.89,,
ESTAT:APRI_AP_CRPOUTA$DEFAULTVIEW(1.0),15/05/25 11:00:00,Annual,National currency,Soft wheat - prices per 100 kg,Finland,2016,15.14,,
ESTAT:APRI_AP_CRPOUTA$DEFAULTVIEW(1.0),15/05/25 11:00:00,Annual,National currency,Soft wheat - prices per 100 kg,Finland,2017,15.91,,
ESTAT:APRI_AP_CRPOUTA$DEFAULTVIEW(1.0),15/05/25 11:00:00,Annual,National currency,Soft wheat - prices per 100 kg,Finland,2018,19.98,,
ESTAT:APRI_AP_CRPOUTA$DEFAULTVIEW(1.0),15/05/25 11:00:00,Annual,National currency,Soft wheat - prices per 100 kg,Finland,2019,18.40,,
ESTAT:APRI_AP_CRPOUTA$DEFAULTVIEW(1.0),15/05/25 11:00:00,Annual,National currency,Soft wheat - prices per 100 kg,Finland,2020,17.05,,
ESTAT:APRI_AP_CRPOUTA$DEFAULTVIEW(1.0),15/05/25 11:00:00,Annual,National currency,Soft wheat - prices per 100 kg,Finland,2021,21.55,,
ESTAT:APRI_AP_CRPOUTA$DEFAULTVIEW(1.0),15/05/25 11:00:00,Annual,National currency,Soft wheat - prices per 100 kg,Finland,2022,33.62,,
ESTAT:APRI_AP_CRPOUTA$DEFAULTVIEW(1.0),15/05/25 11:00:00,Annual,National currency,Soft wheat - prices per 100 kg,Finland,2023,26.20,,
ESTAT:APRI_AP_CRPOUTA$DEFAULTVIEW(1.0),15/05/25 11:00:00,Annual,National currency,Soft wheat - prices per 100 kg,Finland,2024,22.80,,
ESTAT:APRI_AP_CRPOUTA$DEFAULTVIEW(1.0),15/05/25 11:00:00,Annual,National currency,Soft wheat - prices per 100 kg,France,2015,22.30,,
ESTAT:APRI_AP_CRPOUTA$DEFAULTVIEW(1.0),15/05/25 11:00:00,Annual,National currency,Soft wheat - prices per 100 kg,France,2016,20.10,,
ESTAT:APRI_AP_CRPOUTA$DEFAULTVIEW(1.0),15/05/25 11:00:00,Annual,National currency,Soft wheat - prices per 100 kg,Croatia,2015,115.95,,
ESTAT:APRI_AP_CRPOUTA$DEFAULTVIEW(1.0),15/05/25 11:00:00,Annual,National currency,Soft wheat - prices per 100 kg,Croatia,2016,91.86,,
ESTAT:APRI_AP_CRPOUTA$DEFAULTVIEW(1.0),15/05/25 11:00:00,Annual,National currency,Soft wheat - prices per 100 kg,Croatia,2017,103.68,,
ESTAT:APRI_AP_CRPOUTA$DEFAULTVIEW(1.0),15/05/25 11:00:00,Annual,National currency,Soft wheat - prices per 100 kg,Croatia,2018,108.35,,
ESTAT:APRI_AP_CRPOUTA$DEFAULTVIEW(1.0),15/05/25 11:00:00,Annual,National currency,Soft wheat - prices per 100 kg,Croatia,2019,111.16,,
ESTAT:APRI_AP_CRPOUTA$DEFAULTVIEW(1.0),15/05/25 11:00:00,Annual,National currency,Soft wheat - prices per 100 kg,Croatia,2020,105.06,,
ESTAT:APRI_AP_CRPOUTA$DEFAULTVIEW(1.0),15/05/25 11:00:00,Annual,National currency,Soft wheat - prices per 100 kg,Croatia,2021,136.61,,
ESTAT:APRI_AP_CRPOUTA$DEFAULTVIEW(1.0),15/05/25 11:00:00,Annual,National currency,Soft wheat - prices per 100 kg,Croatia,2022,29.78,,
ESTAT:APRI_AP_CRPOUTA$DEFAULTVIEW(1.0),15/05/25 11:00:00,Annual,National currency,Soft wheat - prices per 100 kg,Croatia,2023,17.86,,
ESTAT:APRI_AP_CRPOUTA$DEFAULTVIEW(1.0),15/05/25 11:00:00,Annual,National currency,Soft wheat - prices per 100 kg,Croatia,2024,17.11,,
ESTAT:APRI_AP_CRPOUTA$DEFAULTVIEW(1.0),15/05/25 11:00:00,Annual,National currency,Soft wheat - prices per 100 kg,Hungary,2015,4830.00,,
ESTAT:APRI_AP_CRPOUTA$DEFAULTVIEW(1.0),15/05/25 11:00:00,Annual,National currency,Soft wheat - prices per 100 kg,Hungary,2016,3978.00,,
ESTAT:APRI_AP_CRPOUTA$DEFAULTVIEW(1.0),15/05/25 11:00:00,Annual,National currency,Soft wheat - prices per 100 kg,Hungary,2017,4334.00,,
ESTAT:APRI_AP_CRPOUTA$DEFAULTVIEW(1.0),15/05/25 11:00:00,Annual,National currency,Soft wheat - prices per 100 kg,Hungary,2018,4869.00,,
ESTAT:APRI_AP_CRPOUTA$DEFAULTVIEW(1.0),15/05/25 11:00:00,Annual,National currency,Soft wheat - prices per 100 kg,Hungary,2019,5034.00,,
ESTAT:APRI_AP_CRPOUTA$DEFAULTVIEW(1.0),15/05/25 11:00:00,Annual,National currency,Soft wheat - prices per 100 kg,Hungary,2020,5390.00,,
ESTAT:APRI_AP_CRPOUTA$DEFAULTVIEW(1.0),15/05/25 11:00:00,Annual,National currency,Soft wheat - prices per 100 kg,Hungary,2021,7168.00,,
ESTAT:APRI_AP_CRPOUTA$DEFAULTVIEW(1.0),15/05/25 11:00:00,Annual,National currency,Soft wheat - prices per 100 kg,Hungary,2022,12675.00,,
ESTAT:APRI_AP_CRPOUTA$DEFAULTVIEW(1.0),15/05/25 11:00:00,Annual,National currency,Soft wheat - prices per 100 kg,Hungary,2023,7685.00,,
ESTAT:APRI_AP_CRPOUTA$DEFAULTVIEW(1.0),15/05/25 11:00:00,Annual,National currency,Soft wheat - prices per 100 kg,Hungary,2024,7049.00,,
ESTAT:APRI_AP_CRPOUTA$DEFAULTVIEW(1.0),15/05/25 11:00:00,Annual,National currency,Soft wheat - prices per 100 kg,Ireland,2024,21.55,,
ESTAT:APRI_AP_CRPOUTA$DEFAULTVIEW(1.0),15/05/25 11:00:00,Annual,National currency,Soft wheat - prices per 100 kg,Italy,2015,19.47,,
ESTAT:APRI_AP_CRPOUTA$DEFAULTVIEW(1.0),15/05/25 11:00:00,Annual,National currency,Soft wheat - prices per 100 kg,Italy,2016,17.82,,
ESTAT:APRI_AP_CRPOUTA$DEFAULTVIEW(1.0),15/05/25 11:00:00,Annual,National currency,Soft wheat - prices per 100 kg,Italy,2017,18.77,,
ESTAT:APRI_AP_CRPOUTA$DEFAULTVIEW(1.0),15/05/25 11:00:00,Annual,National currency,Soft wheat - prices per 100 kg,Italy,2018,19.82,,
ESTAT:APRI_AP_CRPOUTA$DEFAULTVIEW(1.0),15/05/25 11:00:00,Annual,National currency,Soft wheat - prices per 100 kg,Italy,2019,19.94,,
ESTAT:APRI_AP_CRPOUTA$DEFAULTVIEW(1.0),15/05/25 11:00:00,Annual,National currency,Soft wheat - prices per 100 kg,Italy,2020,19.81,,
ESTAT:APRI_AP_CRPOUTA$DEFAULTVIEW(1.0),15/05/25 11:00:00,Annual,National currency,Soft wheat - prices per 100 kg,Italy,2021,24.92,,
ESTAT:APRI_AP_CRPOUTA$DEFAULTVIEW(1.0),15/05/25 11:00:00,Annual,National currency,Soft wheat - prices per 100 kg,Italy,2022,35.97,,
ESTAT:APRI_AP_CRPOUTA$DEFAULTVIEW(1.0),15/05/25 11:00:00,Annual,National currency,Soft wheat - prices per 100 kg,Italy,2023,26.55,,
ESTAT:APRI_AP_CRPOUTA$DEFAULTVIEW(1.0),15/05/25 11:00:00,Annual,National currency,Soft wheat - prices per 100 kg,Italy,2024,23.93,,
ESTAT:APRI_AP_CRPOUTA$DEFAULTVIEW(1.0),15/05/25 11:00:00,Annual,National currency,Soft wheat - prices per 100 kg,Lithuania,2015,16.22,,
ESTAT:APRI_AP_CRPOUTA$DEFAULTVIEW(1.0),15/05/25 11:00:00,Annual,National currency,Soft wheat - prices per 100 kg,Lithuania,2016,14.50,,
ESTAT:APRI_AP_CRPOUTA$DEFAULTVIEW(1.0),15/05/25 11:00:00,Annual,National currency,Soft wheat - prices per 100 kg,Lithuania,2017,15.49,,
ESTAT:APRI_AP_CRPOUTA$DEFAULTVIEW(1.0),15/05/25 11:00:00,Annual,National currency,Soft wheat - prices per 100 kg,Lithuania,2018,17.16,,
ESTAT:APRI_AP_CRPOUTA$DEFAULTVIEW(1.0),15/05/25 11:00:00,Annual,National currency,Soft wheat - prices per 100 kg,Lithuania,2019,16.25,,
ESTAT:APRI_AP_CRPOUTA$DEFAULTVIEW(1.0),15/05/25 11:00:00,Annual,National currency,Soft wheat - prices per 100 kg,Lithuania,2020,16.73,,
ESTAT:APRI_AP_CRPOUTA$DEFAULTVIEW(1.0),15/05/25 11:00:00,Annual,National currency,Soft wheat - prices per 100 kg,Lithuania,2021,20.16,,
ESTAT:APRI_AP_CRPOUTA$DEFAULTVIEW(1.0),15/05/25 11:00:00,Annual,National currency,Soft wheat - prices per 100 kg,Lithuania,2022,31.74,,
ESTAT:APRI_AP_CRPOUTA$DEFAULTVIEW(1.0),15/05/25 11:00:00,Annual,National currency,Soft wheat - prices per 100 kg,Lithuania,2023,22.97,,
ESTAT:APRI_AP_CRPOUTA$DEFAULTVIEW(1.0),15/05/25 11:00:00,Annual,National currency,Soft wheat - prices per 100 kg,Lithuania,2024,20.03,,
ESTAT:APRI_AP_CRPOUTA$DEFAULTVIEW(1.0),15/05/25 11:00:00,Annual,National currency,Soft wheat - prices per 100 kg,Luxembourg,2015,15.60,,
ESTAT:APRI_AP_CRPOUTA$DEFAULTVIEW(1.0),15/05/25 11:00:00,Annual,National currency,Soft wheat - prices per 100 kg,Luxembourg,2016,14.35,,
ESTAT:APRI_AP_CRPOUTA$DEFAULTVIEW(1.0),15/05/25 11:00:00,Annual,National currency,Soft wheat - prices per 100 kg,Luxembourg,2017,15.00,,
ESTAT:APRI_AP_CRPOUTA$DEFAULTVIEW(1.0),15/05/25 11:00:00,Annual,National currency,Soft wheat - prices per 100 kg,Luxembourg,2018,17.93,,
ESTAT:APRI_AP_CRPOUTA$DEFAULTVIEW(1.0),15/05/25 11:00:00,Annual,National currency,Soft wheat - prices per 100 kg,Luxembourg,2019,15.82,,
ESTAT:APRI_AP_CRPOUTA$DEFAULTVIEW(1.0),15/05/25 11:00:00,Annual,National currency,Soft wheat - prices per 100 kg,Luxembourg,2020,17.18,,
ESTAT:APRI_AP_CRPOUTA$DEFAULTVIEW(1.0),15/05/25 11:00:00,Annual,National currency,Soft wheat - prices per 100 kg,Luxembourg,2021,,,C
ESTAT:APRI_AP_CRPOUTA$DEFAULTVIEW(1.0),15/05/25 11:00:00,Annual,National currency,Soft wheat - prices per 100 kg,Luxembourg,2022,,,C
ESTAT:APRI_AP_CRPOUTA$DEFAULTVIEW(1.0),15/05/25 11:00:00,Annual,National currency,Soft wheat - prices per 100 kg,Luxembourg,2023,,,C
ESTAT:APRI_AP_CRPOUTA$DEFAULTVIEW(1.0),15/05/25 11:00:00,Annual,National currency,Soft wheat - prices per 100 kg,Luxembourg,2024,,,C
ESTAT:APRI_AP_CRPOUTA$DEFAULTVIEW(1.0),15/05/25 11:00:00,Annual,National currency,Soft wheat - prices per 100 kg,Latvia,2015,14.85,,
ESTAT:APRI_AP_CRPOUTA$DEFAULTVIEW(1.0),15/05/25 11:00:00,Annual,National currency,Soft wheat - prices per 100 kg,Latvia,2016,13.46,,
ESTAT:APRI_AP_CRPOUTA$DEFAULTVIEW(1.0),15/05/25 11:00:00,Annual,National currency,Soft wheat - prices per 100 kg,Latvia,2017,14.82,,
ESTAT:APRI_AP_CRPOUTA$DEFAULTVIEW(1.0),15/05/25 11:00:00,Annual,National currency,Soft wheat - prices per 100 kg,Latvia,2018,17.17,,
ESTAT:APRI_AP_CRPOUTA$DEFAULTVIEW(1.0),15/05/25 11:00:00,Annual,National currency,Soft wheat - prices per 100 kg,Latvia,2019,16.28,,
ESTAT:APRI_AP_CRPOUTA$DEFAULTVIEW(1.0),15/05/25 11:00:00,Annual,National currency,Soft wheat - prices per 100 kg,Latvia,2020,17.04,,
ESTAT:APRI_AP_CRPOUTA$DEFAULTVIEW(1.0),15/05/25 11:00:00,Annual,National currency,Soft wheat - prices per 100 kg,Latvia,2021,20.20,,
ESTAT:APRI_AP_CRPOUTA$DEFAULTVIEW(1.0),15/05/25 11:00:00,Annual,National currency,Soft wheat - prices per 100 kg,Latvia,2022,28.96,,
ESTAT:APRI_AP_CRPOUTA$DEFAULTVIEW(1.0),15/05/25 11:00:00,Annual,National currency,Soft wheat - prices per 100 kg,Latvia,2023,21.17,,
ESTAT:APRI_AP_CRPOUTA$DEFAULTVIEW(1.0),15/05/25 11:00:00,Annual,National currency,Soft wheat - prices per 100 kg,Latvia,2024,19.70,p,
ESTAT:APRI_AP_CRPOUTA$DEFAULTVIEW(1.0),15/05/25 11:00:00,Annual,National currency,Soft wheat - prices per 100 kg,Netherlands,2015,15.60,,
ESTAT:APRI_AP_CRPOUTA$DEFAULTVIEW(1.0),15/05/25 11:00:00,Annual,National currency,Soft wheat - prices per 100 kg,Netherlands,2016,14.90,,
ESTAT:APRI_AP_CRPOUTA$DEFAULTVIEW(1.0),15/05/25 11:00:00,Annual,National currency,Soft wheat - prices per 100 kg,Netherlands,2017,15.25,,
ESTAT:APRI_AP_CRPOUTA$DEFAULTVIEW(1.0),15/05/25 11:00:00,Annual,National currency,Soft wheat - prices per 100 kg,Netherlands,2018,19.40,,
ESTAT:APRI_AP_CRPOUTA$DEFAULTVIEW(1.0),15/05/25 11:00:00,Annual,National currency,Soft wheat - prices per 100 kg,Netherlands,2019,16.20,,
ESTAT:APRI_AP_CRPOUTA$DEFAULTVIEW(1.0),15/05/25 11:00:00,Annual,National currency,Soft wheat - prices per 100 kg,Netherlands,2020,18.40,,
ESTAT:APRI_AP_CRPOUTA$DEFAULTVIEW(1.0),15/05/25 11:00:00,Annual,National currency,Soft wheat - prices per 100 kg,Netherlands,2021,24.35,,
ESTAT:APRI_AP_CRPOUTA$DEFAULTVIEW(1.0),15/05/25 11:00:00,Annual,National currency,Soft wheat - prices per 100 kg,Netherlands,2022,31.00,,
ESTAT:APRI_AP_CRPOUTA$DEFAULTVIEW(1.0),15/05/25 11:00:00,Annual,National currency,Soft wheat - prices per 100 kg,Netherlands,2023,22.15,,
ESTAT:APRI_AP_CRPOUTA$DEFAULTVIEW(1.0),15/05/25 11:00:00,Annual,National currency,Soft wheat - prices per 100 kg,Netherlands,2024,20.00,,
ESTAT:APRI_AP_CRPOUTA$DEFAULTVIEW(1.0),15/05/25 11:00:00,Annual,National currency,Soft wheat - prices per 100 kg,Poland,2015,66.93,,
ESTAT:APRI_AP_CRPOUTA$DEFAULTVIEW(1.0),15/05/25 11:00:00,Annual,National currency,Soft wheat - prices per 100 kg,Poland,2016,62.08,,
ESTAT:APRI_AP_CRPOUTA$DEFAULTVIEW(1.0),15/05/25 11:00:00,Annual,National currency,Soft wheat - prices per 100 kg,Poland,2017,66.49,,
ESTAT:APRI_AP_CRPOUTA$DEFAULTVIEW(1.0),15/05/25 11:00:00,Annual,National currency,Soft wheat - prices per 100 kg,Poland,2018,72.62,,
ESTAT:APRI_AP_CRPOUTA$DEFAULTVIEW(1.0),15/05/25 11:00:00,Annual,National currency,Soft wheat - prices per 100 kg,Poland,2019,72.26,p,
ESTAT:APRI_AP_CRPOUTA$DEFAULTVIEW(1.0),15/05/25 11:00:00,Annual,National currency,Soft wheat - prices per 100 kg,Poland,2020,74.86,p,
ESTAT:APRI_AP_CRPOUTA$DEFAULTVIEW(1.0),15/05/25 11:00:00,Annual,National currency,Soft wheat - prices per 100 kg,Poland,2021,96.76,p,
ESTAT:APRI_AP_CRPOUTA$DEFAULTVIEW(1.0),15/05/25 11:00:00,Annual,National currency,Soft wheat - prices per 100 kg,Poland,2022,152.00,,
ESTAT:APRI_AP_CRPOUTA$DEFAULTVIEW(1.0),15/05/25 11:00:00,Annual,National currency,Soft wheat - prices per 100 kg,Poland,2023,98.79,,
ESTAT:APRI_AP_CRPOUTA$DEFAULTVIEW(1.0),15/05/25 11:00:00,Annual,National currency,Soft wheat - prices per 100 kg,Poland,2024,82.62,,
ESTAT:APRI_AP_CRPOUTA$DEFAULTVIEW(1.0),15/05/25 11:00:00,Annual,National currency,Soft wheat - prices per 100 kg,Portugal,2015,18.84,,
ESTAT:APRI_AP_CRPOUTA$DEFAULTVIEW(1.0),15/05/25 11:00:00,Annual,National currency,Soft wheat - prices per 100 kg,Portugal,2016,17.06,,
ESTAT:APRI_AP_CRPOUTA$DEFAULTVIEW(1.0),15/05/25 11:00:00,Annual,National currency,Soft wheat - prices per 100 kg,Portugal,2017,17.82,,
ESTAT:APRI_AP_CRPOUTA$DEFAULTVIEW(1.0),15/05/25 11:00:00,Annual,National currency,Soft wheat - prices per 100 kg,Portugal,2018,18.45,,
ESTAT:APRI_AP_CRPOUTA$DEFAULTVIEW(1.0),15/05/25 11:00:00,Annual,National currency,Soft wheat - prices per 100 kg,Portugal,2019,20.72,,
ESTAT:APRI_AP_CRPOUTA$DEFAULTVIEW(1.0),15/05/25 11:00:00,Annual,National currency,Soft wheat - prices per 100 kg,Portugal,2020,20.05,,
ESTAT:APRI_AP_CRPOUTA$DEFAULTVIEW(1.0),15/05/25 11:00:00,Annual,National currency,Soft wheat - prices per 100 kg,Portugal,2021,23.26,,
ESTAT:APRI_AP_CRPOUTA$DEFAULTVIEW(1.0),15/05/25 11:00:00,Annual,National currency,Soft wheat - prices per 100 kg,Portugal,2022,38.83,,
ESTAT:APRI_AP_CRPOUTA$DEFAULTVIEW(1.0),15/05/25 11:00:00,Annual,National currency,Soft wheat - prices per 100 kg,Portugal,2023,26.92,,
ESTAT:APRI_AP_CRPOUTA$DEFAULTVIEW(1.0),15/05/25 11:00:00,Annual,National currency,Soft wheat - prices per 100 kg,Portugal,2024,22.43,,
ESTAT:APRI_AP_CRPOUTA$DEFAULTVIEW(1.0),15/05/25 11:00:00,Annual,National currency,Soft wheat - prices per 100 kg,Romania,2015,74.00,,
ESTAT:APRI_AP_CRPOUTA$DEFAULTVIEW(1.0),15/05/25 11:00:00,Annual,National currency,Soft wheat - prices per 100 kg,Romania,2016,63.00,,
ESTAT:APRI_AP_CRPOUTA$DEFAULTVIEW(1.0),15/05/25 11:00:00,Annual,National currency,Soft wheat - prices per 100 kg,Romania,2017,65.00,,
ESTAT:APRI_AP_CRPOUTA$DEFAULTVIEW(1.0),15/05/25 11:00:00,Annual,National currency,Soft wheat - prices per 100 kg,Romania,2018,68.00,,
ESTAT:APRI_AP_CRPOUTA$DEFAULTVIEW(1.0),15/05/25 11:00:00,Annual,National currency,Soft wheat - prices per 100 kg,Romania,2019,73.00,,
ESTAT:APRI_AP_CRPOUTA$DEFAULTVIEW(1.0),15/05/25 11:00:00,Annual,National currency,Soft wheat - prices per 100 kg,Romania,2020,79.00,,
ESTAT:APRI_AP_CRPOUTA$DEFAULTVIEW(1.0),15/05/25 11:00:00,Annual,National currency,Soft wheat - prices per 100 kg,Romania,2021,96.00,,
ESTAT:APRI_AP_CRPOUTA$DEFAULTVIEW(1.0),15/05/25 11:00:00,Annual,National currency,Soft wheat - prices per 100 kg,Romania,2022,149.00,,
ESTAT:APRI_AP_CRPOUTA$DEFAULTVIEW(1.0),15/05/25 11:00:00,Annual,National currency,Soft wheat - prices per 100 kg,Romania,2023,110.00,,
ESTAT:APRI_AP_CRPOUTA$DEFAULTVIEW(1.0),15/05/25 11:00:00,Annual,National currency,Soft wheat - prices per 100 kg,Romania,2024,90.00,,
ESTAT:APRI_AP_CRPOUTA$DEFAULTVIEW(1.0),15/05/25 11:00:00,Annual,National currency,Soft wheat - prices per 100 kg,Sweden,2015,141.20,,
ESTAT:APRI_AP_CRPOUTA$DEFAULTVIEW(1.0),15/05/25 11:00:00,Annual,National currency,Soft wheat - prices per 100 kg,Sweden,2016,128.20,,
ESTAT:APRI_AP_CRPOUTA$DEFAULTVIEW(1.0),15/05/25 11:00:00,Annual,National currency,Soft wheat - prices per 100 kg,Sweden,2017,133.70,,
ESTAT:APRI_AP_CRPOUTA$DEFAULTVIEW(1.0),15/05/25 11:00:00,Annual,National currency,Soft wheat - prices per 100 kg,Sweden,2018,189.10,,
ESTAT:APRI_AP_CRPOUTA$DEFAULTVIEW(1.0),15/05/25 11:00:00,Annual,National currency,Soft wheat - prices per 100 kg,Sweden,2019,147.30,,
ESTAT:APRI_AP_CRPOUTA$DEFAULTVIEW(1.0),15/05/25 11:00:00,Annual,National currency,Soft wheat - prices per 100 kg,Sweden,2020,152.54,,
ESTAT:APRI_AP_CRPOUTA$DEFAULTVIEW(1.0),15/05/25 11:00:00,Annual,National currency,Soft wheat - prices per 100 kg,Sweden,2021,193.44,,
ESTAT:APRI_AP_CRPOUTA$DEFAULTVIEW(1.0),15/05/25 11:00:00,Annual,National currency,Soft wheat - prices per 100 kg,Sweden,2022,313.96,,
ESTAT:APRI_AP_CRPOUTA$DEFAULTVIEW(1.0),15/05/25 11:00:00,Annual,National currency,Soft wheat - prices per 100 kg,Sweden,2023,270.28,,
ESTAT:APRI_AP_CRPOUTA$DEFAULTVIEW(1.0),15/05/25 11:00:00,Annual,National currency,Soft wheat - prices per 100 kg,Sweden,2024,209.15,,
ESTAT:APRI_AP_CRPOUTA$DEFAULTVIEW(1.0),15/05/25 11:00:00,Annual,National currency,Soft wheat - prices per 100 kg,Slovenia,2015,16.83,,
ESTAT:APRI_AP_CRPOUTA$DEFAULTVIEW(1.0),15/05/25 11:00:00,Annual,National currency,Soft wheat - prices per 100 kg,Slovenia,2016,13.38,,
ESTAT:APRI_AP_CRPOUTA$DEFAULTVIEW(1.0),15/05/25 11:00:00,Annual,National currency,Soft wheat - prices per 100 kg,Slovenia,2017,15.40,,
ESTAT:APRI_AP_CRPOUTA$DEFAULTVIEW(1.0),15/05/25 11:00:00,Annual,National currency,Soft wheat - prices per 100 kg,Slovenia,2018,15.94,,
ESTAT:APRI_AP_CRPOUTA$DEFAULTVIEW(1.0),15/05/25 11:00:00,Annual,National currency,Soft wheat - prices per 100 kg,Slovenia,2019,16.32,,
ESTAT:APRI_AP_CRPOUTA$DEFAULTVIEW(1.0),15/05/25 11:00:00,Annual,National currency,Soft wheat - prices per 100 kg,Slovenia,2020,14.82,,
ESTAT:APRI_AP_CRPOUTA$DEFAULTVIEW(1.0),15/05/25 11:00:00,Annual,National currency,Soft wheat - prices per 100 kg,Slovenia,2021,18.78,,
ESTAT:APRI_AP_CRPOUTA$DEFAULTVIEW(1.0),15/05/25 11:00:00,Annual,National currency,Soft wheat - prices per 100 kg,Slovenia,2022,31.49,,
ESTAT:APRI_AP_CRPOUTA$DEFAULTVIEW(1.0),15/05/25 11:00:00,Annual,National currency,Soft wheat - prices per 100 kg,Slovenia,2023,16.24,,
ESTAT:APRI_AP_CRPOUTA$DEFAULTVIEW(1.0),15/05/25 11:00:00,Annual,National currency,Soft wheat - prices per 100 kg,Slovenia,2024,18.61,,
ESTAT:APRI_AP_CRPOUTA$DEFAULTVIEW(1.0),15/05/25 11:00:00,Annual,National currency,Soft wheat - prices per 100 kg,Slovakia,2015,14.63,,
ESTAT:APRI_AP_CRPOUTA$DEFAULTVIEW(1.0),15/05/25 11:00:00,Annual,National currency,Soft wheat - prices per 100 kg,Slovakia,2016,12.29,,
ESTAT:APRI_AP_CRPOUTA$DEFAULTVIEW(1.0),15/05/25 11:00:00,Annual,National currency,Soft wheat - prices per 100 kg,Slovakia,2017,13.98,,
ESTAT:APRI_AP_CRPOUTA$DEFAULTVIEW(1.0),15/05/25 11:00:00,Annual,National currency,Soft wheat - prices per 100 kg,Slovakia,2018,15.12,,
ESTAT:APRI_AP_CRPOUTA$DEFAULTVIEW(1.0),15/05/25 11:00:00,Annual,National currency,Soft wheat - prices per 100 kg,Slovakia,2019,15.31,,
ESTAT:APRI_AP_CRPOUTA$DEFAULTVIEW(1.0),15/05/25 11:00:00,Annual,National currency,Soft wheat - prices per 100 kg,Slovakia,2020,14.78,,
ESTAT:APRI_AP_CRPOUTA$DEFAULTVIEW(1.0),15/05/25 11:00:00,Annual,National currency,Soft wheat - prices per 100 kg,Slovakia,2021,18.52,,
ESTAT:APRI_AP_CRPOUTA$DEFAULTVIEW(1.0),15/05/25 11:00:00,Annual,National currency,Soft wheat - prices per 100 kg,Slovakia,2022,29.86,,
ESTAT:APRI_AP_CRPOUTA$DEFAULTVIEW(1.0),15/05/25 11:00:00,Annual,National currency,Soft wheat - prices per 100 kg,Slovakia,2023,19.18,,
ESTAT:APRI_AP_CRPOUTA$DEFAULTVIEW(1.0),15/05/25 11:00:00,Annual,National currency,Soft wheat - prices per 100 kg,Slovakia,2024,17.53,,
ESTAT:APRI_AP_CRPOUTA$DEFAULTVIEW(1.0),15/05/25 11:00:00,Annual,National currency,Soft wheat - prices per 100 kg,United Kingdom,2015,12.35,,
ESTAT:APRI_AP_CRPOUTA$DEFAULTVIEW(1.0),15/05/25 11:00:00,Annual,National currency,Soft wheat - prices per 100 kg,United Kingdom,2016,12.03,,
ESTAT:APRI_AP_CRPOUTA$DEFAULTVIEW(1.0),15/05/25 11:00:00,Annual,National currency,Soft wheat - prices per 100 kg,United Kingdom,2017,14.57,,
ESTAT:APRI_AP_CRPOUTA$DEFAULTVIEW(1.0),15/05/25 11:00:00,Annual,National currency,Soft wheat - prices per 100 kg,United Kingdom,2018,16.36,,
ESTAT:APRI_AP_CRPOUTA$DEFAULTVIEW(1.0),15/05/25 11:00:00,Annual,National currency,Soft wheat - prices per 100 kg,United Kingdom,2019,15.90,,
ESTAT:APRI_AP_CRPOUTA$DEFAULTVIEW(1.0),15/05/25 11:00:00,Annual,National currency,Soft wheat - prices per 100 kg,Kosovo*,2019,20.63,,
ESTAT:APRI_AP_CRPOUTA$DEFAULTVIEW(1.0),15/05/25 11:00:00,Annual,National currency,Durum wheat - prices per 100 kg,Austria,2015,25.47,,
ESTAT:APRI_AP_CRPOUTA$DEFAULTVIEW(1.0),15/05/25 11:00:00,Annual,National currency,Durum wheat - prices per 100 kg,Austria,2016,17.88,,
ESTAT:APRI_AP_CRPOUTA$DEFAULTVIEW(1.0),15/05/25 11:00:00,Annual,National currency,Durum wheat - prices per 100 kg,Austria,2017,18.24,,
ESTAT:APRI_AP_CRPOUTA$DEFAULTVIEW(1.0),15/05/25 11:00:00,Annual,National currency,Durum wheat - prices per 100 kg,Austria,2018,18.27,,
ESTAT:APRI_AP_CRPOUTA$DEFAULTVIEW(1.0),15/05/25 11:00:00,Annual,National currency,Durum wheat - prices per 100 kg,Austria,2019,20.03,,
ESTAT:APRI_AP_CRPOUTA$DEFAULTVIEW(1.0),15/05/25 11:00:00,Annual,National currency,Durum wheat - prices per 100 kg,Austria,2020,23.10,,
ESTAT:APRI_AP_CRPOUTA$DEFAULTVIEW(1.0),15/05/25 11:00:00,Annual,National currency,Durum wheat - prices per 100 kg,Austria,2021,31.78,,
ESTAT:APRI_AP_CRPOUTA$DEFAULTVIEW(1.0),15/05/25 11:00:00,Annual,National currency,Durum wheat - prices per 100 kg,Austria,2022,41.64,,
ESTAT:APRI_AP_CRPOUTA$DEFAULTVIEW(1.0),15/05/25 11:00:00,Annual,National currency,Durum wheat - prices per 100 kg,Austria,2023,28.72,,
ESTAT:APRI_AP_CRPOUTA$DEFAULTVIEW(1.0),15/05/25 11:00:00,Annual,National currency,Durum wheat - prices per 100 kg,Austria,2024,24.29,p,
ESTAT:APRI_AP_CRPOUTA$DEFAULTVIEW(1.0),15/05/25 11:00:00,Annual,National currency,Durum wheat - prices per 100 kg,Belgium,2015,,m,
ESTAT:APRI_AP_CRPOUTA$DEFAULTVIEW(1.0),15/05/25 11:00:00,Annual,National currency,Durum wheat - prices per 100 kg,Bulgaria,2015,34.96,,
ESTAT:APRI_AP_CRPOUTA$DEFAULTVIEW(1.0),15/05/25 11:00:00,Annual,National currency,Durum wheat - prices per 100 kg,Bulgaria,2016,31.93,,
ESTAT:APRI_AP_CRPOUTA$DEFAULTVIEW(1.0),15/05/25 11:00:00,Annual,National currency,Durum wheat - prices per 100 kg,Bulgaria,2017,29.91,,
ESTAT:APRI_AP_CRPOUTA$DEFAULTVIEW(1.0),15/05/25 11:00:00,Annual,National currency,Durum wheat - prices per 100 kg,Bulgaria,2018,30.47,,
ESTAT:APRI_AP_CRPOUTA$DEFAULTVIEW(1.0),15/05/25 11:00:00,Annual,National currency,Durum wheat - prices per 100 kg,Bulgaria,2019,32.42,,
ESTAT:APRI_AP_CRPOUTA$DEFAULTVIEW(1.0),15/05/25 11:00:00,Annual,National currency,Durum wheat - prices per 100 kg,Bulgaria,2020,35.68,,
ESTAT:APRI_AP_CRPOUTA$DEFAULTVIEW(1.0),15/05/25 11:00:00,Annual,National currency,Durum wheat - prices per 100 kg,Bulgaria,2021,42.45,,
ESTAT:APRI_AP_CRPOUTA$DEFAULTVIEW(1.0),15/05/25 11:00:00,Annual,National currency,Durum wheat - prices per 100 kg,Bulgaria,2022,68.53,,
ESTAT:APRI_AP_CRPOUTA$DEFAULTVIEW(1.0),15/05/25 11:00:00,Annual,National currency,Durum wheat - prices per 100 kg,Bulgaria,2023,50.41,,
ESTAT:APRI_AP_CRPOUTA$DEFAULTVIEW(1.0),15/05/25 11:00:00,Annual,National currency,Durum wheat - prices per 100 kg,Bulgaria,2024,43.45,,
ESTAT:APRI_AP_CRPOUTA$DEFAULTVIEW(1.0),15/05/25 11:00:00,Annual,National currency,Durum wheat - prices per 100 kg,Cyprus,2015,24.80,,
ESTAT:APRI_AP_CRPOUTA$DEFAULTVIEW(1.0),15/05/25 11:00:00,Annual,National currency,Durum wheat - prices per 100 kg,Cyprus,2016,31.20,,
ESTAT:APRI_AP_CRPOUTA$DEFAULTVIEW(1.0),15/05/25 11:00:00,Annual,National currency,Durum wheat - prices per 100 kg,Cyprus,2017,21.82,,
ESTAT:APRI_AP_CRPOUTA$DEFAULTVIEW(1.0),15/05/25 11:00:00,Annual,National currency,Durum wheat - prices per 100 kg,Cyprus,2018,26.03,,
ESTAT:APRI_AP_CRPOUTA$DEFAULTVIEW(1.0),15/05/25 11:00:00,Annual,National currency,Durum wheat - prices per 100 kg,Cyprus,2019,22.94,,
ESTAT:APRI_AP_CRPOUTA$DEFAULTVIEW(1.0),15/05/25 11:00:00,Annual,National currency,Durum wheat - prices per 100 kg,Cyprus,2020,22.43,,
ESTAT:APRI_AP_CRPOUTA$DEFAULTVIEW(1.0),15/05/25 11:00:00,Annual,National currency,Durum wheat - prices per 100 kg,Cyprus,2021,25.70,,
ESTAT:APRI_AP_CRPOUTA$DEFAULTVIEW(1.0),15/05/25 11:00:00,Annual,National currency,Durum wheat - prices per 100 kg,Cyprus,2022,44.42,,
ESTAT:APRI_AP_CRPOUTA$DEFAULTVIEW(1.0),15/05/25 11:00:00,Annual,National currency,Durum wheat - prices per 100 kg,Cyprus,2023,30.98,,
ESTAT:APRI_AP_CRPOUTA$DEFAULTVIEW(1.0),15/05/25 11:00:00,Annual,National currency,Durum wheat - prices per 100 kg,Cyprus,2024,32.87,,
ESTAT:APRI_AP_CRPOUTA$DEFAULTVIEW(1.0),15/05/25 11:00:00,Annual,National currency,Durum wheat - prices per 100 kg,Czechia,2015,,m,
ESTAT:APRI_AP_CRPOUTA$DEFAULTVIEW(1.0),15/05/25 11:00:00,Annual,National currency,Durum wheat - prices per 100 kg,Germany,2018,21.00,,
ESTAT:APRI_AP_CRPOUTA$DEFAULTVIEW(1.0),15/05/25 11:00:00,Annual,National currency,Durum wheat - prices per 100 kg,Germany,2019,21.50,,
ESTAT:APRI_AP_CRPOUTA$DEFAULTVIEW(1.0),15/05/25 11:00:00,Annual,National currency,Durum wheat - prices per 100 kg,Germany,2020,22.00,,
ESTAT:APRI_AP_CRPOUTA$DEFAULTVIEW(1.0),15/05/25 11:00:00,Annual,National currency,Durum wheat - prices per 100 kg,Germany,2021,21.40,,
ESTAT:APRI_AP_CRPOUTA$DEFAULTVIEW(1.0),15/05/25 11:00:00,Annual,National currency,Durum wheat - prices per 100 kg,Germany,2022,39.10,,
ESTAT:APRI_AP_CRPOUTA$DEFAULTVIEW(1.0),15/05/25 11:00:00,Annual,National currency,Durum wheat - prices per 100 kg,Germany,2023,46.10,,
ESTAT:APRI_AP_CRPOUTA$DEFAULTVIEW(1.0),15/05/25 11:00:00,Annual,National currency,Durum wheat - prices per 100 kg,Germany,2024,45.70,,
ESTAT:APRI_AP_CRPOUTA$DEFAULTVIEW(1.0),15/05/25 11:00:00,Annual,National currency,Durum wheat - prices per 100 kg,Greece,2015,23.93,,
ESTAT:APRI_AP_CRPOUTA$DEFAULTVIEW(1.0),15/05/25 11:00:00,Annual,National currency,Durum wheat - prices per 100 kg,Greece,2016,18.86,,
ESTAT:APRI_AP_CRPOUTA$DEFAULTVIEW(1.0),15/05/25 11:00:00,Annual,National currency,Durum wheat - prices per 100 kg,Greece,2017,19.43,,
ESTAT:APRI_AP_CRPOUTA$DEFAULTVIEW(1.0),15/05/25 11:00:00,Annual,National currency,Durum wheat - prices per 100 kg,Greece,2018,18.83,,
ESTAT:APRI_AP_CRPOUTA$DEFAULTVIEW(1.0),15/05/25 11:00:00,Annual,National currency,Durum wheat - prices per 100 kg,Greece,2019,20.24,,
ESTAT:APRI_AP_CRPOUTA$DEFAULTVIEW(1.0),15/05/25 11:00:00,Annual,National currency,Durum wheat - prices per 100 kg,Greece,2020,23.01,,
ESTAT:APRI_AP_CRPOUTA$DEFAULTVIEW(1.0),15/05/25 11:00:00,Annual,National currency,Durum wheat - prices per 100 kg,Greece,2021,33.14,,
ESTAT:APRI_AP_CRPOUTA$DEFAULTVIEW(1.0),15/05/25 11:00:00,Annual,National currency,Durum wheat - prices per 100 kg,Greece,2022,43.23,,
ESTAT:APRI_AP_CRPOUTA$DEFAULTVIEW(1.0),15/05/25 11:00:00,Annual,National currency,Durum wheat - prices per 100 kg,Greece,2023,32.32,,
ESTAT:APRI_AP_CRPOUTA$DEFAULTVIEW(1.0),15/05/25 11:00:00,Annual,National currency,Durum wheat - prices per 100 kg,Greece,2024,26.02,,
ESTAT:APRI_AP_CRPOUTA$DEFAULTVIEW(1.0),15/05/25 11:00:00,Annual,National currency,Durum wheat - prices per 100 kg,Spain,2015,29.23,,
ESTAT:APRI_AP_CRPOUTA$DEFAULTVIEW(1.0),15/05/25 11:00:00,Annual,National currency,Durum wheat - prices per 100 kg,Spain,2016,22.28,,
ESTAT:APRI_AP_CRPOUTA$DEFAULTVIEW(1.0),15/05/25 11:00:00,Annual,National currency,Durum wheat - prices per 100 kg,Spain,2017,22.18,,
ESTAT:APRI_AP_CRPOUTA$DEFAULTVIEW(1.0),15/05/25 11:00:00,Annual,National currency,Durum wheat - prices per 100 kg,Spain,2018,19.10,,
ESTAT:APRI_AP_CRPOUTA$DEFAULTVIEW(1.0),15/05/25 11:00:00,Annual,National currency,Durum wheat - prices per 100 kg,Spain,2019,21.87,,
ESTAT:APRI_AP_CRPOUTA$DEFAULTVIEW(1.0),15/05/25 11:00:00,Annual,National currency,Durum wheat - prices per 100 kg,Spain,2020,24.36,,
ESTAT:APRI_AP_CRPOUTA$DEFAULTVIEW(1.0),15/05/25 11:00:00,Annual,National currency,Durum wheat - prices per 100 kg,Spain,2021,35.38,,
ESTAT:APRI_AP_CRPOUTA$DEFAULTVIEW(1.0),15/05/25 11:00:00,Annual,National currency,Durum wheat - prices per 100 kg,Spain,2022,48.88,,
ESTAT:APRI_AP_CRPOUTA$DEFAULTVIEW(1.0),15/05/25 11:00:00,Annual,National currency,Durum wheat - prices per 100 kg,Spain,2023,36.85,,
ESTAT:APRI_AP_CRPOUTA$DEFAULTVIEW(1.0),15/05/25 11:00:00,Annual,National currency,Durum wheat - prices per 100 kg,Spain,2024,27.63,,
ESTAT:APRI_AP_CRPOUTA$DEFAULTVIEW(1.0),15/05/25 11:00:00,Annual,National currency,Durum wheat - prices per 100 kg,France,2015,49.40,,
ESTAT:APRI_AP_CRPOUTA$DEFAULTVIEW(1.0),15/05/25 11:00:00,Annual,National currency,Durum wheat - prices per 100 kg,France,2016,37.70,,
ESTAT:APRI_AP_CRPOUTA$DEFAULTVIEW(1.0),15/05/25 11:00:00,Annual,National currency,Durum wheat - prices per 100 kg,Croatia,2015,206.61,,
ESTAT:APRI_AP_CRPOUTA$DEFAULTVIEW(1.0),15/05/25 11:00:00,Annual,National currency,Durum wheat - prices per 100 kg,Croatia,2016,108.38,,
ESTAT:APRI_AP_CRPOUTA$DEFAULTVIEW(1.0),15/05/25 11:00:00,Annual,National currency,Durum wheat - prices per 100 kg,Croatia,2017,164.29,,
ESTAT:APRI_AP_CRPOUTA$DEFAULTVIEW(1.0),15/05/25 11:00:00,Annual,National currency,Durum wheat - prices per 100 kg,Croatia,2018,155.88,,
ESTAT:APRI_AP_CRPOUTA$DEFAULTVIEW(1.0),15/05/25 11:00:00,Annual,National currency,Durum wheat - prices per 100 kg,Croatia,2019,144.50,,
ESTAT:APRI_AP_CRPOUTA$DEFAULTVIEW(1.0),15/05/25 11:00:00,Annual,National currency,Durum wheat - prices per 100 kg,Croatia,2020,148.62,,
ESTAT:APRI_AP_CRPOUTA$DEFAULTVIEW(1.0),15/05/25 11:00:00,Annual,National currency,Durum wheat - prices per 100 kg,Croatia,2021,166.98,,
ESTAT:APRI_AP_CRPOUTA$DEFAULTVIEW(1.0),15/05/25 11:00:00,Annual,National currency,Durum wheat - prices per 100 kg,Croatia,2022,40.57,,
ESTAT:APRI_AP_CRPOUTA$DEFAULTVIEW(1.0),15/05/25 11:00:00,Annual,National currency,Durum wheat - prices per 100 kg,Croatia,2023,30.90,,
ESTAT:APRI_AP_CRPOUTA$DEFAULTVIEW(1.0),15/05/25 11:00:00,Annual,National currency,Durum wheat - prices per 100 kg,Croatia,2024,26.38,,
ESTAT:APRI_AP_CRPOUTA$DEFAULTVIEW(1.0),15/05/25 11:00:00,Annual,National currency,Durum wheat - prices per 100 kg,Hungary,2015,6994.00,,
ESTAT:APRI_AP_CRPOUTA$DEFAULTVIEW(1.0),15/05/25 11:00:00,Annual,National currency,Durum wheat - prices per 100 kg,Hungary,2016,5217.00,,
ESTAT:APRI_AP_CRPOUTA$DEFAULTVIEW(1.0),15/05/25 11:00:00,Annual,National currency,Durum wheat - prices per 100 kg,Hungary,2017,4365.00,,
ESTAT:APRI_AP_CRPOUTA$DEFAULTVIEW(1.0),15/05/25 11:00:00,Annual,National currency,Durum wheat - prices per 100 kg,Hungary,2018,6004.00,,
ESTAT:APRI_AP_CRPOUTA$DEFAULTVIEW(1.0),15/05/25 11:00:00,Annual,National currency,Durum wheat - prices per 100 kg,Hungary,2019,6448.00,,
ESTAT:APRI_AP_CRPOUTA$DEFAULTVIEW(1.0),15/05/25 11:00:00,Annual,National currency,Durum wheat - prices per 100 kg,Hungary,2020,8708.00,,
ESTAT:APRI_AP_CRPOUTA$DEFAULTVIEW(1.0),15/05/25 11:00:00,Annual,National currency,Durum wheat - prices per 100 kg,Hungary,2021,11148.00,,
ESTAT:APRI_AP_CRPOUTA$DEFAULTVIEW(1.0),15/05/25 11:00:00,Annual,National currency,Durum wheat - prices per 100 kg,Hungary,2022,20132.00,,
ESTAT:APRI_AP_CRPOUTA$DEFAULTVIEW(1.0),15/05/25 11:00:00,Annual,National currency,Durum wheat - prices per 100 kg,Hungary,2023,10756.00,,
ESTAT:APRI_AP_CRPOUTA$DEFAULTVIEW(1.0),15/05/25 11:00:00,Annual,National currency,Durum wheat - prices per 100 kg,Hungary,2024,10337.00,,
ESTAT:APRI_AP_CRPOUTA$DEFAULTVIEW(1.0),15/05/25 11:00:00,Annual,National currency,Durum wheat - prices per 100 kg,Ireland,2024,21.55,,
ESTAT:APRI_AP_CRPOUTA$DEFAULTVIEW(1.0),15/05/25 11:00:00,Annual,National currency,Durum wheat - prices per 100 kg,Italy,2015,30.04,,
ESTAT:APRI_AP_CRPOUTA$DEFAULTVIEW(1.0),15/05/25 11:00:00,Annual,National currency,Durum wheat - prices per 100 kg,Italy,2016,22.41,,
ESTAT:APRI_AP_CRPOUTA$DEFAULTVIEW(1.0),15/05/25 11:00:00,Annual,National currency,Durum wheat - prices per 100 kg,Italy,2017,21.78,,
ESTAT:APRI_AP_CRPOUTA$DEFAULTVIEW(1.0),15/05/25 11:00:00,Annual,National currency,Durum wheat - prices per 100 kg,Italy,2018,21.79,,
ESTAT:APRI_AP_CRPOUTA$DEFAULTVIEW(1.0),15/05/25 11:00:00,Annual,National currency,Durum wheat - prices per 100 kg,Italy,2019,23.52,,
ESTAT:APRI_AP_CRPOUTA$DEFAULTVIEW(1.0),15/05/25 11:00:00,Annual,National currency,Durum wheat - prices per 100 kg,Italy,2020,27.43,,
ESTAT:APRI_AP_CRPOUTA$DEFAULTVIEW(1.0),15/05/25 11:00:00,Annual,National currency,Durum wheat - prices per 100 kg,Italy,2021,36.56,,
ESTAT:APRI_AP_CRPOUTA$DEFAULTVIEW(1.0),15/05/25 11:00:00,Annual,National currency,Durum wheat - prices per 100 kg,Italy,2022,48.67,,
ESTAT:APRI_AP_CRPOUTA$DEFAULTVIEW(1.0),15/05/25 11:00:00,Annual,National currency,Durum wheat - prices per 100 kg,Italy,2023,37.72,,
ESTAT:APRI_AP_CRPOUTA$DEFAULTVIEW(1.0),15/05/25 11:00:00,Annual,National currency,Durum wheat - prices per 100 kg,Italy,2024,33.59,,
ESTAT:APRI_AP_CRPOUTA$DEFAULTVIEW(1.0),15/05/25 11:00:00,Annual,National currency,Durum wheat - prices per 100 kg,Luxembourg,2015,,m,
ESTAT:APRI_AP_CRPOUTA$DEFAULTVIEW(1.0),15/05/25 11:00:00,Annual,National currency,Durum wheat - prices per 100 kg,Luxembourg,2022,,,C
ESTAT:APRI_AP_CRPOUTA$DEFAULTVIEW(1.0),15/05/25 11:00:00,Annual,National currency,Durum wheat - prices per 100 kg,Luxembourg,2023,,,C
ESTAT:APRI_AP_CRPOUTA$DEFAULTVIEW(1.0),15/05/25 11:00:00,Annual,National currency,Durum wheat - prices per 100 kg,Luxembourg,2024,,,C
ESTAT:APRI_AP_CRPOUTA$DEFAULTVIEW(1.0),15/05/25 11:00:00,Annual,National currency,Durum wheat - prices per 100 kg,Portugal,2015,27.99,,
ESTAT:APRI_AP_CRPOUTA$DEFAULTVIEW(1.0),15/05/25 11:00:00,Annual,National currency,Durum wheat - prices per 100 kg,Portugal,2016,23.50,,
ESTAT:APRI_AP_CRPOUTA$DEFAULTVIEW(1.0),15/05/25 11:00:00,Annual,National currency,Durum wheat - prices per 100 kg,Portugal,2017,23.00,,
ESTAT:APRI_AP_CRPOUTA$DEFAULTVIEW(1.0),15/05/25 11:00:00,Annual,National currency,Durum wheat - prices per 100 kg,Portugal,2018,21.81,,
ESTAT:APRI_AP_CRPOUTA$DEFAULTVIEW(1.0),15/05/25 11:00:00,Annual,National currency,Durum wheat - prices per 100 kg,Portugal,2019,22.97,,
ESTAT:APRI_AP_CRPOUTA$DEFAULTVIEW(1.0),15/05/25 11:00:00,Annual,National currency,Durum wheat - prices per 100 kg,Portugal,2020,23.00,,
ESTAT:APRI_AP_CRPOUTA$DEFAULTVIEW(1.0),15/05/25 11:00:00,Annual,National currency,Durum wheat - prices per 100 kg,Portugal,2021,27.37,,
ESTAT:APRI_AP_CRPOUTA$DEFAULTVIEW(1.0),15/05/25 11:00:00,Annual,National currency,Durum wheat - prices per 100 kg,Portugal,2022,49.73,,
ESTAT:APRI_AP_CRPOUTA$DEFAULTVIEW(1.0),15/05/25 11:00:00,Annual,National currency,Durum wheat - prices per 100 kg,Portugal,2023,38.48,,
ESTAT:APRI_AP_CRPOUTA$DEFAULTVIEW(1.0),15/05/25 11:00:00,Annual,National currency,Durum wheat - prices per 100 kg,Portugal,2024,25.50,,
ESTAT:APRI_AP_CRPOUTA$DEFAULTVIEW(1.0),15/05/25 11:00:00,Annual,National currency,Durum wheat - prices per 100 kg,Slovenia,2015,,m,
ESTAT:APRI_AP_CRPOUTA$DEFAULTVIEW(1.0),15/05/25 11:00:00,Annual,National currency,Durum wheat - prices per 100 kg,Slovakia,2024,26.71,,
ESTAT:APRI_AP_CRPOUTA$DEFAULTVIEW(1.0),15/05/25 11:00:00,Annual,National currency,Rye - prices per 100 kg,Austria,2015,12.12,,
ESTAT:APRI_AP_CRPOUTA$DEFAULTVIEW(1.0),15/05/25 11:00:00,Annual,National currency,Rye - prices per 100 kg,Austria,2016,12.52,,
ESTAT:APRI_AP_CRPOUTA$DEFAULTVIEW(1.0),15/05/25 11:00:00,Annual,National currency,Rye - prices per 100 kg,Austria,2017,15.70,,
ESTAT:APRI_AP_CRPOUTA$DEFAULTVIEW(1.0),15/05/25 11:00:00,Annual,National currency,Rye - prices per 100 kg,Austria,2018,14.98,,
ESTAT:APRI_AP_CRPOUTA$DEFAULTVIEW(1.0),15/05/25 11:00:00,Annual,National currency,Rye - prices per 100 kg,Austria,2019,12.74,,
ESTAT:APRI_AP_CRPOUTA$DEFAULTVIEW(1.0),15/05/25 11:00:00,Annual,National currency,Rye - prices per 100 kg,Austria,2020,11.76,,
ESTAT:APRI_AP_CRPOUTA$DEFAULTVIEW(1.0),15/05/25 11:00:00,Annual,National currency,Rye - prices per 100 kg,Austria,2021,22.15,,
ESTAT:APRI_AP_CRPOUTA$DEFAULTVIEW(1.0),15/05/25 11:00:00,Annual,National currency,Rye - prices per 100 kg,Austria,2022,27.48,,
ESTAT:APRI_AP_CRPOUTA$DEFAULTVIEW(1.0),15/05/25 11:00:00,Annual,National currency,Rye - prices per 100 kg,Austria,2023,14.92,,
ESTAT:APRI_AP_CRPOUTA$DEFAULTVIEW(1.0),15/05/25 11:00:00,Annual,National currency,Rye - prices per 100 kg,Austria,2024,14.96,p,
ESTAT:APRI_AP_CRPOUTA$DEFAULTVIEW(1.0),15/05/25 11:00:00,Annual,National currency,Rye - prices per 100 kg,Belgium,2015,10.75,,
ESTAT:APRI_AP_CRPOUTA$DEFAULTVIEW(1.0),15/05/25 11:00:00,Annual,National currency,Rye - prices per 100 kg,Belgium,2016,9.73,e,
ESTAT:APRI_AP_CRPOUTA$DEFAULTVIEW(1.0),15/05/25 11:00:00,Annual,National currency,Rye - prices per 100 kg,Belgium,2017,10.88,,
ESTAT:APRI_AP_CRPOUTA$DEFAULTVIEW(1.0),15/05/25 11:00:00,Annual,National currency,Rye - prices per 100 kg,Belgium,2018,13.95,,
ESTAT:APRI_AP_CRPOUTA$DEFAULTVIEW(1.0),15/05/25 11:00:00,Annual,National currency,Rye - prices per 100 kg,Belgium,2019,13.30,,
ESTAT:APRI_AP_CRPOUTA$DEFAULTVIEW(1.0),15/05/25 11:00:00,Annual,National currency,Rye - prices per 100 kg,Belgium,2020,14.91,,
ESTAT:APRI_AP_CRPOUTA$DEFAULTVIEW(1.0),15/05/25 11:00:00,Annual,National currency,Rye - prices per 100 kg,Belgium,2021,20.11,,
ESTAT:APRI_AP_CRPOUTA$DEFAULTVIEW(1.0),15/05/25 11:00:00,Annual,National currency,Rye - prices per 100 kg,Belgium,2022,26.59,,
ESTAT:APRI_AP_CRPOUTA$DEFAULTVIEW(1.0),15/05/25 11:00:00,Annual,National currency,Rye - prices per 100 kg,Belgium,2023,17.75,,
ESTAT:APRI_AP_CRPOUTA$DEFAULTVIEW(1.0),15/05/25 11:00:00,Annual,National currency,Rye - prices per 100 kg,Belgium,2024,16.15,,
ESTAT:APRI_AP_CRPOUTA$DEFAULTVIEW(1.0),15/05/25 11:00:00,Annual,National currency,Rye - prices per 100 kg,Bulgaria,2015,25.97,,
ESTAT:APRI_AP_CRPOUTA$DEFAULTVIEW(1.0),15/05/25 11:00:00,Annual,National currency,Rye - prices per 100 kg,Bulgaria,2016,24.03,,
ESTAT:APRI_AP_CRPOUTA$DEFAULTVIEW(1.0),15/05/25 11:00:00,Annual,National currency,Rye - prices per 100 kg,Bulgaria,2017,26.70,,
ESTAT:APRI_AP_CRPOUTA$DEFAULTVIEW(1.0),15/05/25 11:00:00,Annual,National currency,Rye - prices per 100 kg,Bulgaria,2018,26.21,,
ESTAT:APRI_AP_CRPOUTA$DEFAULTVIEW(1.0),15/05/25 11:00:00,Annual,National currency,Rye - prices per 100 kg,Bulgaria,2019,28.93,,
ESTAT:APRI_AP_CRPOUTA$DEFAULTVIEW(1.0),15/05/25 11:00:00,Annual,National currency,Rye - prices per 100 kg,Bulgaria,2020,32.28,,
ESTAT:APRI_AP_CRPOUTA$DEFAULTVIEW(1.0),15/05/25 11:00:00,Annual,National currency,Rye - prices per 100 kg,Bulgaria,2021,35.71,,
ESTAT:APRI_AP_CRPOUTA$DEFAULTVIEW(1.0),15/05/25 11:00:00,Annual,National currency,Rye - prices per 100 kg,Bulgaria,2022,60.11,,
ESTAT:APRI_AP_CRPOUTA$DEFAULTVIEW(1.0),15/05/25 11:00:00,Annual,National currency,Rye - prices per 100 kg,Bulgaria,2023,41.27,,
ESTAT:APRI_AP_CRPOUTA$DEFAULTVIEW(1.0),15/05/25 11:00:00,Annual,National currency,Rye - prices per 100 kg,Bulgaria,2024,39.06,,
ESTAT:APRI_AP_CRPOUTA$DEFAULTVIEW(1.0),15/05/25 11:00:00,Annual,National currency,Rye - prices per 100 kg,Czechia,2015,392.00,,
ESTAT:APRI_AP_CRPOUTA$DEFAULTVIEW(1.0),15/05/25 11:00:00,Annual,National currency,Rye - prices per 100 kg,Czechia,2016,375.00,,
ESTAT:APRI_AP_CRPOUTA$DEFAULTVIEW(1.0),15/05/25 11:00:00,Annual,National currency,Rye - prices per 100 kg,Czechia,2017,384.00,,
ESTAT:APRI_AP_CRPOUTA$DEFAULTVIEW(1.0),15/05/25 11:00:00,Annual,National currency,Rye - prices per 100 kg,Czechia,2018,418.00,,
ESTAT:APRI_AP_CRPOUTA$DEFAULTVIEW(1.0),15/05/25 11:00:00,Annual,National currency,Rye - prices per 100 kg,Czechia,2019,425.00,,
ESTAT:APRI_AP_CRPOUTA$DEFAULTVIEW(1.0),15/05/25 11:00:00,Annual,National currency,Rye - prices per 100 kg,Czechia,2020,384.00,,
ESTAT:APRI_AP_CRPOUTA$DEFAULTVIEW(1.0),15/05/25 11:00:00,Annual,National currency,Rye - prices per 100 kg,Czechia,2021,408.00,,
ESTAT:APRI_AP_CRPOUTA$DEFAULTVIEW(1.0),15/05/25 11:00:00,Annual,National currency,Rye - prices per 100 kg,Czechia,2022,684.00,,
ESTAT:APRI_AP_CRPOUTA$DEFAULTVIEW(1.0),15/05/25 11:00:00,Annual,National currency,Rye - prices per 100 kg,Czechia,2023,581.00,,
ESTAT:APRI_AP_CRPOUTA$DEFAULTVIEW(1.0),15/05/25 11:00:00,Annual,National currency,Rye - prices per 100 kg,Czechia,2024,470.00,,
ESTAT:APRI_AP_CRPOUTA$DEFAULTVIEW(1.0),15/05/25 11:00:00,Annual,National currency,Rye - prices per 100 kg,Germany,2015,13.25,,
ESTAT:APRI_AP_CRPOUTA$DEFAULTVIEW(1.0),15/05/25 11:00:00,Annual,National currency,Rye - prices per 100 kg,Germany,2016,12.20,,
ESTAT:APRI_AP_CRPOUTA$DEFAULTVIEW(1.0),15/05/25 11:00:00,Annual,National currency,Rye - prices per 100 kg,Germany,2017,13.95,,
ESTAT:APRI_AP_CRPOUTA$DEFAULTVIEW(1.0),15/05/25 11:00:00,Annual,National currency,Rye - prices per 100 kg,Germany,2018,15.99,,
ESTAT:APRI_AP_CRPOUTA$DEFAULTVIEW(1.0),15/05/25 11:00:00,Annual,National currency,Rye - prices per 100 kg,Germany,2019,15.14,,
ESTAT:APRI_AP_CRPOUTA$DEFAULTVIEW(1.0),15/05/25 11:00:00,Annual,National currency,Rye - prices per 100 kg,Germany,2020,13.88,,
ESTAT:APRI_AP_CRPOUTA$DEFAULTVIEW(1.0),15/05/25 11:00:00,Annual,National currency,Rye - prices per 100 kg,Germany,2021,17.93,,
ESTAT:APRI_AP_CRPOUTA$DEFAULTVIEW(1.0),15/05/25 11:00:00,Annual,National currency,Rye - prices per 100 kg,Germany,2022,28.22,,
ESTAT:APRI_AP_CRPOUTA$DEFAULTVIEW(1.0),15/05/25 11:00:00,Annual,National currency,Rye - prices per 100 kg,Germany,2023,19.04,,
ESTAT:APRI_AP_CRPOUTA$DEFAULTVIEW(1.0),15/05/25 11:00:00,Annual,National currency,Rye - prices per 100 kg,Germany,2024,15.70,,
ESTAT:APRI_AP_CRPOUTA$DEFAULTVIEW(1.0),15/05/25 11:00:00,Annual,National currency,Rye - prices per 100 kg,Denmark,2015,98.50,,
ESTAT:APRI_AP_CRPOUTA$DEFAULTVIEW(1.0),15/05/25 11:00:00,Annual,National currency,Rye - prices per 100 kg,Denmark,2016,92.22,,
ESTAT:APRI_AP_CRPOUTA$DEFAULTVIEW(1.0),15/05/25 11:00:00,Annual,National currency,Rye - prices per 100 kg,Denmark,2017,99.68,,
ESTAT:APRI_AP_CRPOUTA$DEFAULTVIEW(1.0),15/05/25 11:00:00,Annual,National currency,Rye - prices per 100 kg,Denmark,2018,119.30,,
ESTAT:APRI_AP_CRPOUTA$DEFAULTVIEW(1.0),15/05/25 11:00:00,Annual,National currency,Rye - prices per 100 kg,Denmark,2019,114.06,,
ESTAT:APRI_AP_CRPOUTA$DEFAULTVIEW(1.0),15/05/25 11:00:00,Annual,National currency,Rye - prices per 100 kg,Denmark,2020,107.14,,
ESTAT:APRI_AP_CRPOUTA$DEFAULTVIEW(1.0),15/05/25 11:00:00,Annual,National currency,Rye - prices per 100 kg,Denmark,2021,126.98,,
ESTAT:APRI_AP_CRPOUTA$DEFAULTVIEW(1.0),15/05/25 11:00:00,Annual,National currency,Rye - prices per 100 kg,Denmark,2022,188.38,,
ESTAT:APRI_AP_CRPOUTA$DEFAULTVIEW(1.0),15/05/25 11:00:00,Annual,National currency,Rye - prices per 100 kg,Denmark,2023,164.69,,
ESTAT:APRI_AP_CRPOUTA$DEFAULTVIEW(1.0),15/05/25 11:00:00,Annual,National currency,Rye - prices per 100 kg,Denmark,2024,145.48,,
ESTAT:APRI_AP_CRPOUTA$DEFAULTVIEW(1.0),15/05/25 11:00:00,Annual,National currency,Rye - prices per 100 kg,Estonia,2015,12.14,,
ESTAT:APRI_AP_CRPOUTA$DEFAULTVIEW(1.0),15/05/25 11:00:00,Annual,National currency,Rye - prices per 100 kg,Estonia,2016,11.67,,
ESTAT:APRI_AP_CRPOUTA$DEFAULTVIEW(1.0),15/05/25 11:00:00,Annual,National currency,Rye - prices per 100 kg,Estonia,2017,12.43,,
ESTAT:APRI_AP_CRPOUTA$DEFAULTVIEW(1.0),15/05/25 11:00:00,Annual,National currency,Rye - prices per 100 kg,Estonia,2018,14.28,,
ESTAT:APRI_AP_CRPOUTA$DEFAULTVIEW(1.0),15/05/25 11:00:00,Annual,National currency,Rye - prices per 100 kg,Estonia,2019,13.65,,
ESTAT:APRI_AP_CRPOUTA$DEFAULTVIEW(1.0),15/05/25 11:00:00,Annual,National currency,Rye - prices per 100 kg,Estonia,2020,11.88,,
ESTAT:APRI_AP_CRPOUTA$DEFAULTVIEW(1.0),15/05/25 11:00:00,Annual,National currency,Rye - prices per 100 kg,Estonia,2021,15.30,,
ESTAT:APRI_AP_CRPOUTA$DEFAULTVIEW(1.0),15/05/25 11:00:00,Annual,National currency,Rye - prices per 100 kg,Estonia,2022,24.81,,
ESTAT:APRI_AP_CRPOUTA$DEFAULTVIEW(1.0),15/05/25 11:00:00,Annual,National currency,Rye - prices per 100 kg,Estonia,2023,16.78,,
ESTAT:APRI_AP_CRPOUTA$DEFAULTVIEW(1.0),15/05/25 11:00:00,Annual,National currency,Rye - prices per 100 kg,Estonia,2024,14.65,,
ESTAT:APRI_AP_CRPOUTA$DEFAULTVIEW(1.0),15/05/25 11:00:00,Annual,National currency,Rye - prices per 100 kg,Greece,2015,12.34,,
ESTAT:APRI_AP_CRPOUTA$DEFAULTVIEW(1.0),15/05/25 11:00:00,Annual,National currency,Rye - prices per 100 kg,Greece,2016,13.15,,
ESTAT:APRI_AP_CRPOUTA$DEFAULTVIEW(1.0),15/05/25 11:00:00,Annual,National currency,Rye - prices per 100 kg,Greece,2017,12.71,,
ESTAT:APRI_AP_CRPOUTA$DEFAULTVIEW(1.0),15/05/25 11:00:00,Annual,National currency,Rye - prices per 100 kg,Greece,2018,13.79,,
ESTAT:APRI_AP_CRPOUTA$DEFAULTVIEW(1.0),15/05/25 11:00:00,Annual,National currency,Rye - prices per 100 kg,Greece,2019,16.22,,
ESTAT:APRI_AP_CRPOUTA$DEFAULTVIEW(1.0),15/05/25 11:00:00,Annual,National currency,Rye - prices per 100 kg,Greece,2020,15.88,,
ESTAT:APRI_AP_CRPOUTA$DEFAULTVIEW(1.0),15/05/25 11:00:00,Annual,National currency,Rye - prices per 100 kg,Greece,2021,17.35,,
ESTAT:APRI_AP_CRPOUTA$DEFAULTVIEW(1.0),15/05/25 11:00:00,Annual,National currency,Rye - prices per 100 kg,Greece,2022,26.25,,
ESTAT:APRI_AP_CRPOUTA$DEFAULTVIEW(1.0),15/05/25 11:00:00,Annual,National currency,Rye - prices per 100 kg,Greece,2023,17.69,,
ESTAT:APRI_AP_CRPOUTA$DEFAULTVIEW(1.0),15/05/25 11:00:00,Annual,National currency,Rye - prices per 100 kg,Greece,2024,16.78,,
ESTAT:APRI_AP_CRPOUTA$DEFAULTVIEW(1.0),15/05/25 11:00:00,Annual,National currency,Rye - prices per 100 kg,Spain,2015,16.38,,
ESTAT:APRI_AP_CRPOUTA$DEFAULTVIEW(1.0),15/05/25 11:00:00,Annual,National currency,Rye - prices per 100 kg,Spain,2016,13.46,,
ESTAT:APRI_AP_CRPOUTA$DEFAULTVIEW(1.0),15/05/25 11:00:00,Annual,National currency,Rye - prices per 100 kg,Spain,2017,15.66,,
ESTAT:APRI_AP_CRPOUTA$DEFAULTVIEW(1.0),15/05/25 11:00:00,Annual,National currency,Rye - prices per 100 kg,Spain,2018,16.32,,
ESTAT:APRI_AP_CRPOUTA$DEFAULTVIEW(1.0),15/05/25 11:00:00,Annual,National currency,Rye - prices per 100 kg,Spain,2019,16.33,,
ESTAT:APRI_AP_CRPOUTA$DEFAULTVIEW(1.0),15/05/25 11:00:00,Annual,National currency,Rye - prices per 100 kg,Spain,2020,15.21,,
ESTAT:APRI_AP_CRPOUTA$DEFAULTVIEW(1.0),15/05/25 11:00:00,Annual,National currency,Rye - prices per 100 kg,Spain,2021,20.01,,
ESTAT:APRI_AP_CRPOUTA$DEFAULTVIEW(1.0),15/05/25 11:00:00,Annual,National currency,Rye - prices per 100 kg,Spain,2022,30.94,,
ESTAT:APRI_AP_CRPOUTA$DEFAULTVIEW(1.0),15/05/25 11:00:00,Annual,National currency,Rye - prices per 100 kg,Spain,2023,23.56,,
ESTAT:APRI_AP_CRPOUTA$DEFAULTVIEW(1.0),15/05/25 11:00:00,Annual,National currency,Rye - prices per 100 kg,Spain,2024,18.28,,
ESTAT:APRI_AP_CRPOUTA$DEFAULTVIEW(1.0),15/05/25 11:00:00,Annual,National currency,Rye - prices per 100 kg,Finland,2015,18.87,,
ESTAT:APRI_AP_CRPOUTA$DEFAULTVIEW(1.0),15/05/25 11:00:00,Annual,National currency,Rye - prices per 100 kg,Finland,2016,16.89,,
ESTAT:APRI_AP_CRPOUTA$DEFAULTVIEW(1.0),15/05/25 11:00:00,Annual,National currency,Rye - prices per 100 kg,Finland,2017,16.20,,
ESTAT:APRI_AP_CRPOUTA$DEFAULTVIEW(1.0),15/05/25 11:00:00,Annual,National currency,Rye - prices per 100 kg,Finland,2018,17.71,,
ESTAT:APRI_AP_CRPOUTA$DEFAULTVIEW(1.0),15/05/25 11:00:00,Annual,National currency,Rye - prices per 100 kg,Finland,2019,16.66,,
ESTAT:APRI_AP_CRPOUTA$DEFAULTVIEW(1.0),15/05/25 11:00:00,Annual,National currency,Rye - prices per 100 kg,Finland,2020,15.65,,
ESTAT:APRI_AP_CRPOUTA$DEFAULTVIEW(1.0),15/05/25 11:00:00,Annual,National currency,Rye - prices per 100 kg,Finland,2021,16.63,,
ESTAT:APRI_AP_CRPOUTA$DEFAULTVIEW(1.0),15/05/25 11:00:00,Annual,National currency,Rye - prices per 100 kg,Finland,2022,29.32,,
ESTAT:APRI_AP_CRPOUTA$DEFAULTVIEW(1.0),15/05/25 11:00:00,Annual,National currency,Rye - prices per 100 kg,Finland,2023,29.30,,
ESTAT:APRI_AP_CRPOUTA$DEFAULTVIEW(1.0),15/05/25 11:00:00,Annual,National currency,Rye - prices per 100 kg,Finland,2024,23.37,,
ESTAT:APRI_AP_CRPOUTA$DEFAULTVIEW(1.0),15/05/25 11:00:00,Annual,National currency,Rye - prices per 100 kg,Croatia,2015,116.34,,
ESTAT:APRI_AP_CRPOUTA$DEFAULTVIEW(1.0),15/05/25 11:00:00,Annual,National currency,Rye - prices per 100 kg,Croatia,2016,89.51,,
ESTAT:APRI_AP_CRPOUTA$DEFAULTVIEW(1.0),15/05/25 11:00:00,Annual,National currency,Rye - prices per 100 kg,Croatia,2017,110.77,,
ESTAT:APRI_AP_CRPOUTA$DEFAULTVIEW(1.0),15/05/25 11:00:00,Annual,National currency,Rye - prices per 100 kg,Croatia,2018,111.50,,
ESTAT:APRI_AP_CRPOUTA$DEFAULTVIEW(1.0),15/05/25 11:00:00,Annual,National currency,Rye - prices per 100 kg,Croatia,2019,112.09,,
ESTAT:APRI_AP_CRPOUTA$DEFAULTVIEW(1.0),15/05/25 11:00:00,Annual,National currency,Rye - prices per 100 kg,Croatia,2020,102.79,,
ESTAT:APRI_AP_CRPOUTA$DEFAULTVIEW(1.0),15/05/25 11:00:00,Annual,National currency,Rye - prices per 100 kg,Croatia,2021,129.84,,
ESTAT:APRI_AP_CRPOUTA$DEFAULTVIEW(1.0),15/05/25 11:00:00,Annual,National currency,Rye - prices per 100 kg,Croatia,2022,23.78,,
ESTAT:APRI_AP_CRPOUTA$DEFAULTVIEW(1.0),15/05/25 11:00:00,Annual,National currency,Rye - prices per 100 kg,Croatia,2023,24.15,,
ESTAT:APRI_AP_CRPOUTA$DEFAULTVIEW(1.0),15/05/25 11:00:00,Annual,National currency,Rye - prices per 100 kg,Croatia,2024,15.51,,
ESTAT:APRI_AP_CRPOUTA$DEFAULTVIEW(1.0),15/05/25 11:00:00,Annual,National currency,Rye - prices per 100 kg,Hungary,2015,3908.00,,
ESTAT:APRI_AP_CRPOUTA$DEFAULTVIEW(1.0),15/05/25 11:00:00,Annual,National currency,Rye - prices per 100 kg,Hungary,2016,3568.00,,
ESTAT:APRI_AP_CRPOUTA$DEFAULTVIEW(1.0),15/05/25 11:00:00,Annual,National currency,Rye - prices per 100 kg,Hungary,2017,3704.00,,
ESTAT:APRI_AP_CRPOUTA$DEFAULTVIEW(1.0),15/05/25 11:00:00,Annual,National currency,Rye - prices per 100 kg,Hungary,2018,4610.00,,
ESTAT:APRI_AP_CRPOUTA$DEFAULTVIEW(1.0),15/05/25 11:00:00,Annual,National currency,Rye - prices per 100 kg,Hungary,2019,4656.00,,
ESTAT:APRI_AP_CRPOUTA$DEFAULTVIEW(1.0),15/05/25 11:00:00,Annual,National currency,Rye - prices per 100 kg,Hungary,2020,4374.00,,
ESTAT:APRI_AP_CRPOUTA$DEFAULTVIEW(1.0),15/05/25 11:00:00,Annual,National currency,Rye - prices per 100 kg,Hungary,2021,5797.00,,
ESTAT:APRI_AP_CRPOUTA$DEFAULTVIEW(1.0),15/05/25 11:00:00,Annual,National currency,Rye - prices per 100 kg,Hungary,2022,11594.00,,
ESTAT:APRI_AP_CRPOUTA$DEFAULTVIEW(1.0),15/05/25 11:00:00,Annual,National currency,Rye - prices per 100 kg,Hungary,2023,5330.00,,
ESTAT:APRI_AP_CRPOUTA$DEFAULTVIEW(1.0),15/05/25 11:00:00,Annual,National currency,Rye - prices per 100 kg,Hungary,2024,5724.00,,
ESTAT:APRI_AP_CRPOUTA$DEFAULTVIEW(1.0),15/05/25 11:00:00,Annual,National currency,Rye - prices per 100 kg,Lithuania,2015,11.40,,
ESTAT:APRI_AP_CRPOUTA$DEFAULTVIEW(1.0),15/05/25 11:00:00,Annual,National currency,Rye - prices per 100 kg,Lithuania,2016,10.97,,
ESTAT:APRI_AP_CRPOUTA$DEFAULTVIEW(1.0),15/05/25 11:00:00,Annual,National currency,Rye - prices per 100 kg,Lithuania,2017,12.39,,
ESTAT:APRI_AP_CRPOUTA$DEFAULTVIEW(1.0),15/05/25 11:00:00,Annual,National currency,Rye - prices per 100 kg,Lithuania,2018,14.12,,
ESTAT:APRI_AP_CRPOUTA$DEFAULTVIEW(1.0),15/05/25 11:00:00,Annual,National currency,Rye - prices per 100 kg,Lithuania,2019,11.94,,
ESTAT:APRI_AP_CRPOUTA$DEFAULTVIEW(1.0),15/05/25 11:00:00,Annual,National currency,Rye - prices per 100 kg,Lithuania,2020,11.39,,
ESTAT:APRI_AP_CRPOUTA$DEFAULTVIEW(1.0),15/05/25 11:00:00,Annual,National currency,Rye - prices per 100 kg,Lithuania,2021,14.28,,
ESTAT:APRI_AP_CRPOUTA$DEFAULTVIEW(1.0),15/05/25 11:00:00,Annual,National currency,Rye - prices per 100 kg,Lithuania,2022,24.05,,
ESTAT:APRI_AP_CRPOUTA$DEFAULTVIEW(1.0),15/05/25 11:00:00,Annual,National currency,Rye - prices per 100 kg,Lithuania,2023,14.45,,
ESTAT:APRI_AP_CRPOUTA$DEFAULTVIEW(1.0),15/05/25 11:00:00,Annual,National currency,Rye - prices per 100 kg,Lithuania,2024,13.14,,
ESTAT:APRI_AP_CRPOUTA$DEFAULTVIEW(1.0),15/05/25 11:00:00,Annual,National currency,Rye - prices per 100 kg,Luxembourg,2015,13.02,,
ESTAT:APRI_AP_CRPOUTA$DEFAULTVIEW(1.0),15/05/25 11:00:00,Annual,National currency,Rye - prices per 100 kg,Luxembourg,2016,11.44,,
ESTAT:APRI_AP_CRPOUTA$DEFAULTVIEW(1.0),15/05/25 11:00:00,Annual,National currency,Rye - prices per 100 kg,Luxembourg,2017,12.72,,
ESTAT:APRI_AP_CRPOUTA$DEFAULTVIEW(1.0),15/05/25 11:00:00,Annual,National currency,Rye - prices per 100 kg,Luxembourg,2018,15.65,,
ESTAT:APRI_AP_CRPOUTA$DEFAULTVIEW(1.0),15/05/25 11:00:00,Annual,National currency,Rye - prices per 100 kg,Luxembourg,2019,12.75,,
ESTAT:APRI_AP_CRPOUTA$DEFAULTVIEW(1.0),15/05/25 11:00:00,Annual,National currency,Rye - prices per 100 kg,Luxembourg,2020,13.54,,
ESTAT:APRI_AP_CRPOUTA$DEFAULTVIEW(1.0),15/05/25 11:00:00,Annual,National currency,Rye - prices per 100 kg,Luxembourg,2021,,,C
ESTAT:APRI_AP_CRPOUTA$DEFAULTVIEW(1.0),15/05/25 11:00:00,Annual,National currency,Rye - prices per 100 kg,Luxembourg,2022,,,C
ESTAT:APRI_AP_CRPOUTA$DEFAULTVIEW(1.0),15/05/25 11:00:00,Annual,National currency,Rye - prices per 100 kg,Luxembourg,2023,,,C
ESTAT:APRI_AP_CRPOUTA$DEFAULTVIEW(1.0),15/05/25 11:00:00,Annual,National currency,Rye - prices per 100 kg,Luxembourg,2024,,,C
ESTAT:APRI_AP_CRPOUTA$DEFAULTVIEW(1.0),15/05/25 11:00:00,Annual,National currency,Rye - prices per 100 kg,Latvia,2015,11.73,,
ESTAT:APRI_AP_CRPOUTA$DEFAULTVIEW(1.0),15/05/25 11:00:00,Annual,National currency,Rye - prices per 100 kg,Latvia,2016,10.81,,
ESTAT:APRI_AP_CRPOUTA$DEFAULTVIEW(1.0),15/05/25 11:00:00,Annual,National currency,Rye - prices per 100 kg,Latvia,2017,11.74,,
ESTAT:APRI_AP_CRPOUTA$DEFAULTVIEW(1.0),15/05/25 11:00:00,Annual,National currency,Rye - prices per 100 kg,Latvia,2018,14.19,,
ESTAT:APRI_AP_CRPOUTA$DEFAULTVIEW(1.0),15/05/25 11:00:00,Annual,National currency,Rye - prices per 100 kg,Latvia,2019,12.27,,
ESTAT:APRI_AP_CRPOUTA$DEFAULTVIEW(1.0),15/05/25 11:00:00,Annual,National currency,Rye - prices per 100 kg,Latvia,2020,11.69,,
ESTAT:APRI_AP_CRPOUTA$DEFAULTVIEW(1.0),15/05/25 11:00:00,Annual,National currency,Rye - prices per 100 kg,Latvia,2021,15.25,,
ESTAT:APRI_AP_CRPOUTA$DEFAULTVIEW(1.0),15/05/25 11:00:00,Annual,National currency,Rye - prices per 100 kg,Latvia,2022,24.01,,
ESTAT:APRI_AP_CRPOUTA$DEFAULTVIEW(1.0),15/05/25 11:00:00,Annual,National currency,Rye - prices per 100 kg,Latvia,2023,16.49,,
ESTAT:APRI_AP_CRPOUTA$DEFAULTVIEW(1.0),15/05/25 11:00:00,Annual,National currency,Rye - prices per 100 kg,Latvia,2024,12.95,p,
ESTAT:APRI_AP_CRPOUTA$DEFAULTVIEW(1.0),15/05/25 11:00:00,Annual,National currency,Rye - prices per 100 kg,Poland,2015,51.51,,
ESTAT:APRI_AP_CRPOUTA$DEFAULTVIEW(1.0),15/05/25 11:00:00,Annual,National currency,Rye - prices per 100 kg,Poland,2016,51.79,,
ESTAT:APRI_AP_CRPOUTA$DEFAULTVIEW(1.0),15/05/25 11:00:00,Annual,National currency,Rye - prices per 100 kg,Poland,2017,54.82,,
ESTAT:APRI_AP_CRPOUTA$DEFAULTVIEW(1.0),15/05/25 11:00:00,Annual,National currency,Rye - prices per 100 kg,Poland,2018,59.67,,
ESTAT:APRI_AP_CRPOUTA$DEFAULTVIEW(1.0),15/05/25 11:00:00,Annual,National currency,Rye - prices per 100 kg,Poland,2019,60.38,p,
ESTAT:APRI_AP_CRPOUTA$DEFAULTVIEW(1.0),15/05/25 11:00:00,Annual,National currency,Rye - prices per 100 kg,Poland,2020,55.97,p,
ESTAT:APRI_AP_CRPOUTA$DEFAULTVIEW(1.0),15/05/25 11:00:00,Annual,National currency,Rye - prices per 100 kg,Poland,2021,75.36,p,
ESTAT:APRI_AP_CRPOUTA$DEFAULTVIEW(1.0),15/05/25 11:00:00,Annual,National currency,Rye - prices per 100 kg,Poland,2022,120.79,,
ESTAT:APRI_AP_CRPOUTA$DEFAULTVIEW(1.0),15/05/25 11:00:00,Annual,National currency,Rye - prices per 100 kg,Poland,2023,72.47,,
ESTAT:APRI_AP_CRPOUTA$DEFAULTVIEW(1.0),15/05/25 11:00:00,Annual,National currency,Rye - prices per 100 kg,Poland,2024,59.35,,
ESTAT:APRI_AP_CRPOUTA$DEFAULTVIEW(1.0),15/05/25 11:00:00,Annual,National currency,Rye - prices per 100 kg,Portugal,2015,19.69,,
ESTAT:APRI_AP_CRPOUTA$DEFAULTVIEW(1.0),15/05/25 11:00:00,Annual,National currency,Rye - prices per 100 kg,Portugal,2016,20.00,,
ESTAT:APRI_AP_CRPOUTA$DEFAULTVIEW(1.0),15/05/25 11:00:00,Annual,National currency,Rye - prices per 100 kg,Portugal,2017,19.00,,
ESTAT:APRI_AP_CRPOUTA$DEFAULTVIEW(1.0),15/05/25 11:00:00,Annual,National currency,Rye - prices per 100 kg,Portugal,2018,18.84,,
ESTAT:APRI_AP_CRPOUTA$DEFAULTVIEW(1.0),15/05/25 11:00:00,Annual,National currency,Rye - prices per 100 kg,Portugal,2019,17.00,,
ESTAT:APRI_AP_CRPOUTA$DEFAULTVIEW(1.0),15/05/25 11:00:00,Annual,National currency,Rye - prices per 100 kg,Portugal,2020,16.00,,
ESTAT:APRI_AP_CRPOUTA$DEFAULTVIEW(1.0),15/05/25 11:00:00,Annual,National currency,Rye - prices per 100 kg,Portugal,2021,18.00,,
ESTAT:APRI_AP_CRPOUTA$DEFAULTVIEW(1.0),15/05/25 11:00:00,Annual,National currency,Rye - prices per 100 kg,Portugal,2022,26.96,,
ESTAT:APRI_AP_CRPOUTA$DEFAULTVIEW(1.0),15/05/25 11:00:00,Annual,National currency,Rye - prices per 100 kg,Portugal,2023,27.50,,
ESTAT:APRI_AP_CRPOUTA$DEFAULTVIEW(1.0),15/05/25 11:00:00,Annual,National currency,Rye - prices per 100 kg,Portugal,2024,21.75,,
ESTAT:APRI_AP_CRPOUTA$DEFAULTVIEW(1.0),15/05/25 11:00:00,Annual,National currency,Rye - prices per 100 kg,Sweden,2015,113.40,,
ESTAT:APRI_AP_CRPOUTA$DEFAULTVIEW(1.0),15/05/25 11:00:00,Annual,National currency,Rye - prices per 100 kg,Sweden,2016,117.80,,
ESTAT:APRI_AP_CRPOUTA$DEFAULTVIEW(1.0),15/05/25 11:00:00,Annual,National currency,Rye - prices per 100 kg,Sweden,2017,123.70,,
ESTAT:APRI_AP_CRPOUTA$DEFAULTVIEW(1.0),15/05/25 11:00:00,Annual,National currency,Rye - prices per 100 kg,Sweden,2018,180.50,,
ESTAT:APRI_AP_CRPOUTA$DEFAULTVIEW(1.0),15/05/25 11:00:00,Annual,National currency,Rye - prices per 100 kg,Sweden,2019,135.10,,
ESTAT:APRI_AP_CRPOUTA$DEFAULTVIEW(1.0),15/05/25 11:00:00,Annual,National currency,Rye - prices per 100 kg,Sweden,2020,127.49,,
ESTAT:APRI_AP_CRPOUTA$DEFAULTVIEW(1.0),15/05/25 11:00:00,Annual,National currency,Rye - prices per 100 kg,Sweden,2021,165.87,,
ESTAT:APRI_AP_CRPOUTA$DEFAULTVIEW(1.0),15/05/25 11:00:00,Annual,National currency,Rye - prices per 100 kg,Sweden,2022,288.81,,
ESTAT:APRI_AP_CRPOUTA$DEFAULTVIEW(1.0),15/05/25 11:00:00,Annual,National currency,Rye - prices per 100 kg,Sweden,2023,215.34,,
ESTAT:APRI_AP_CRPOUTA$DEFAULTVIEW(1.0),15/05/25 11:00:00,Annual,National currency,Rye - prices per 100 kg,Sweden,2024,177.47,,
ESTAT:APRI_AP_CRPOUTA$DEFAULTVIEW(1.0),15/05/25 11:00:00,Annual,National currency,Rye - prices per 100 kg,Slovenia,2015,14.98,,
ESTAT:APRI_AP_CRPOUTA$DEFAULTVIEW(1.0),15/05/25 11:00:00,Annual,National currency,Rye - prices per 100 kg,Slovenia,2016,14.28,,
ESTAT:APRI_AP_CRPOUTA$DEFAULTVIEW(1.0),15/05/25 11:00:00,Annual,National currency,Rye - prices per 100 kg,Slovenia,2017,,,C
ESTAT:APRI_AP_CRPOUTA$DEFAULTVIEW(1.0),15/05/25 11:00:00,Annual,National currency,Rye - prices per 100 kg,Slovenia,2018,,,C
ESTAT:APRI_AP_CRPOUTA$DEFAULTVIEW(1.0),15/05/25 11:00:00,Annual,National currency,Rye - prices per 100 kg,Slovenia,2019,,,C
ESTAT:APRI_AP_CRPOUTA$DEFAULTVIEW(1.0),15/05/25 11:00:00,Annual,National currency,Rye - prices per 100 kg,Slovenia,2020,15.46,,
ESTAT:APRI_AP_CRPOUTA$DEFAULTVIEW(1.0),15/05/25 11:00:00,Annual,National currency,Rye - prices per 100 kg,Slovenia,2021,19.03,,
ESTAT:APRI_AP_CRPOUTA$DEFAULTVIEW(1.0),15/05/25 11:00:00,Annual,National currency,Rye - prices per 100 kg,Slovenia,2022,31.60,,
ESTAT:APRI_AP_CRPOUTA$DEFAULTVIEW(1.0),15/05/25 11:00:00,Annual,National currency,Rye - prices per 100 kg,Slovenia,2023,17.43,,
ESTAT:APRI_AP_CRPOUTA$DEFAULTVIEW(1.0),15/05/25 11:00:00,Annual,National currency,Rye - prices per 100 kg,Slovenia,2024,18.19,,
ESTAT:APRI_AP_CRPOUTA$DEFAULTVIEW(1.0),15/05/25 11:00:00,Annual,National currency,Rye - prices per 100 kg,Slovakia,2015,13.05,,
ESTAT:APRI_AP_CRPOUTA$DEFAULTVIEW(1.0),15/05/25 11:00:00,Annual,National currency,Rye - prices per 100 kg,Slovakia,2016,11.53,,
ESTAT:APRI_AP_CRPOUTA$DEFAULTVIEW(1.0),15/05/25 11:00:00,Annual,National currency,Rye - prices per 100 kg,Slovakia,2017,13.70,,
ESTAT:APRI_AP_CRPOUTA$DEFAULTVIEW(1.0),15/05/25 11:00:00,Annual,National currency,Rye - prices per 100 kg,Slovakia,2018,14.18,,
ESTAT:APRI_AP_CRPOUTA$DEFAULTVIEW(1.0),15/05/25 11:00:00,Annual,National currency,Rye - prices per 100 kg,Slovakia,2019,14.13,,
ESTAT:APRI_AP_CRPOUTA$DEFAULTVIEW(1.0),15/05/25 11:00:00,Annual,National currency,Rye - prices per 100 kg,Slovakia,2020,13.61,,
ESTAT:APRI_AP_CRPOUTA$DEFAULTVIEW(1.0),15/05/25 11:00:00,Annual,National currency,Rye - prices per 100 kg,Slovakia,2021,14.51,,
ESTAT:APRI_AP_CRPOUTA$DEFAULTVIEW(1.0),15/05/25 11:00:00,Annual,National currency,Rye - prices per 100 kg,Slovakia,2022,25.13,,
ESTAT:APRI_AP_CRPOUTA$DEFAULTVIEW(1.0),15/05/25 11:00:00,Annual,National currency,Rye - prices per 100 kg,Slovakia,2023,19.54,,
ESTAT:APRI_AP_CRPOUTA$DEFAULTVIEW(1.0),15/05/25 11:00:00,Annual,National currency,Rye - prices per 100 kg,Slovakia,2024,15.31,,
ESTAT:APRI_AP_CRPOUTA$DEFAULTVIEW(1.0),15/05/25 11:00:00,Annual,National currency,Rye - prices per 100 kg,Kosovo*,2019,29.44,,
ESTAT:APRI_AP_CRPOUTA$DEFAULTVIEW(1.0),15/05/25 11:00:00,Annual,National currency,Barley - prices per 100 kg,Austria,2015,,m,
ESTAT:APRI_AP_CRPOUTA$DEFAULTVIEW(1.0),15/05/25 11:00:00,Annual,National currency,Barley - prices per 100 kg,Belgium,2015,14.23,,
ESTAT:APRI_AP_CRPOUTA$DEFAULTVIEW(1.0),15/05/25 11:00:00,Annual,National currency,Barley - prices per 100 kg,Belgium,2016,11.82,,
ESTAT:APRI_AP_CRPOUTA$DEFAULTVIEW(1.0),15/05/25 11:00:00,Annual,National currency,Barley - prices per 100 kg,Belgium,2017,13.22,,
ESTAT:APRI_AP_CRPOUTA$DEFAULTVIEW(1.0),15/05/25 11:00:00,Annual,National currency,Barley - prices per 100 kg,Belgium,2018,17.76,,
ESTAT:APRI_AP_CRPOUTA$DEFAULTVIEW(1.0),15/05/25 11:00:00,Annual,National currency,Barley - prices per 100 kg,Belgium,2019,14.12,,
ESTAT:APRI_AP_CRPOUTA$DEFAULTVIEW(1.0),15/05/25 11:00:00,Annual,National currency,Barley - prices per 100 kg,Belgium,2020,15.51,,
ESTAT:APRI_AP_CRPOUTA$DEFAULTVIEW(1.0),15/05/25 11:00:00,Annual,National currency,Barley - prices per 100 kg,Belgium,2021,22.32,,
ESTAT:APRI_AP_CRPOUTA$DEFAULTVIEW(1.0),15/05/25 11:00:00,Annual,National currency,Barley - prices per 100 kg,Belgium,2022,27.21,,
ESTAT:APRI_AP_CRPOUTA$DEFAULTVIEW(1.0),15/05/25 11:00:00,Annual,National currency,Barley - prices per 100 kg,Belgium,2024,17.40,,
ESTAT:APRI_AP_CRPOUTA$DEFAULTVIEW(1.0),15/05/25 11:00:00,Annual,National currency,Barley - prices per 100 kg,Bulgaria,2015,30.31,,
ESTAT:APRI_AP_CRPOUTA$DEFAULTVIEW(1.0),15/05/25 11:00:00,Annual,National currency,Barley - prices per 100 kg,Bulgaria,2016,27.52,,
ESTAT:APRI_AP_CRPOUTA$DEFAULTVIEW(1.0),15/05/25 11:00:00,Annual,National currency,Barley - prices per 100 kg,Bulgaria,2017,26.82,,
ESTAT:APRI_AP_CRPOUTA$DEFAULTVIEW(1.0),15/05/25 11:00:00,Annual,National currency,Barley - prices per 100 kg,Bulgaria,2018,29.26,,
ESTAT:APRI_AP_CRPOUTA$DEFAULTVIEW(1.0),15/05/25 11:00:00,Annual,National currency,Barley - prices per 100 kg,Bulgaria,2019,28.83,,
ESTAT:APRI_AP_CRPOUTA$DEFAULTVIEW(1.0),15/05/25 11:00:00,Annual,National currency,Barley - prices per 100 kg,Bulgaria,2020,28.75,,
ESTAT:APRI_AP_CRPOUTA$DEFAULTVIEW(1.0),15/05/25 11:00:00,Annual,National currency,Barley - prices per 100 kg,Bulgaria,2021,35.07,,
ESTAT:APRI_AP_CRPOUTA$DEFAULTVIEW(1.0),15/05/25 11:00:00,Annual,National currency,Barley - prices per 100 kg,Bulgaria,2022,56.63,,
ESTAT:APRI_AP_CRPOUTA$DEFAULTVIEW(1.0),15/05/25 11:00:00,Annual,National currency,Barley - prices per 100 kg,Bulgaria,2023,37.89,,
ESTAT:APRI_AP_CRPOUTA$DEFAULTVIEW(1.0),15/05/25 11:00:00,Annual,National currency,Barley - prices per 100 kg,Bulgaria,2024,32.16,,
ESTAT:APRI_AP_CRPOUTA$DEFAULTVIEW(1.0),15/05/25 11:00:00,Annual,National currency,Barley - prices per 100 kg,Cyprus,2015,18.59,,
ESTAT:APRI_AP_CRPOUTA$DEFAULTVIEW(1.0),15/05/25 11:00:00,Annual,National currency,Barley - prices per 100 kg,Cyprus,2016,29.70,,
ESTAT:APRI_AP_CRPOUTA$DEFAULTVIEW(1.0),15/05/25 11:00:00,Annual,National currency,Barley - prices per 100 kg,Cyprus,2017,17.32,,
ESTAT:APRI_AP_CRPOUTA$DEFAULTVIEW(1.0),15/05/25 11:00:00,Annual,National currency,Barley - prices per 100 kg,Cyprus,2018,18.90,,
ESTAT:APRI_AP_CRPOUTA$DEFAULTVIEW(1.0),15/05/25 11:00:00,Annual,National currency,Barley - prices per 100 kg,Cyprus,2019,19.93,,
ESTAT:APRI_AP_CRPOUTA$DEFAULTVIEW(1.0),15/05/25 11:00:00,Annual,National currency,Barley - prices per 100 kg,Cyprus,2020,17.75,,
ESTAT:APRI_AP_CRPOUTA$DEFAULTVIEW(1.0),15/05/25 11:00:00,Annual,National currency,Barley - prices per 100 kg,Cyprus,2021,22.11,,
ESTAT:APRI_AP_CRPOUTA$DEFAULTVIEW(1.0),15/05/25 11:00:00,Annual,National currency,Barley - prices per 100 kg,Cyprus,2022,36.62,,
ESTAT:APRI_AP_CRPOUTA$DEFAULTVIEW(1.0),15/05/25 11:00:00,Annual,National currency,Barley - prices per 100 kg,Cyprus,2023,28.00,,
ESTAT:APRI_AP_CRPOUTA$DEFAULTVIEW(1.0),15/05/25 11:00:00,Annual,National currency,Barley - prices per 100 kg,Cyprus,2024,23.54,,
ESTAT:APRI_AP_CRPOUTA$DEFAULTVIEW(1.0),15/05/25 11:00:00,Annual,National currency,Barley - prices per 100 kg,Czechia,2015,453.00,,
ESTAT:APRI_AP_CRPOUTA$DEFAULTVIEW(1.0),15/05/25 11:00:00,Annual,National currency,Barley - prices per 100 kg,Czechia,2016,403.00,,
ESTAT:APRI_AP_CRPOUTA$DEFAULTVIEW(1.0),15/05/25 11:00:00,Annual,National currency,Barley - prices per 100 kg,Czechia,2017,382.00,,
ESTAT:APRI_AP_CRPOUTA$DEFAULTVIEW(1.0),15/05/25 11:00:00,Annual,National currency,Barley - prices per 100 kg,Czechia,2018,393.00,,
ESTAT:APRI_AP_CRPOUTA$DEFAULTVIEW(1.0),15/05/25 11:00:00,Annual,National currency,Barley - prices per 100 kg,Czechia,2019,447.00,,
ESTAT:APRI_AP_CRPOUTA$DEFAULTVIEW(1.0),15/05/25 11:00:00,Annual,National currency,Barley - prices per 100 kg,Czechia,2020,421.00,,
ESTAT:APRI_AP_CRPOUTA$DEFAULTVIEW(1.0),15/05/25 11:00:00,Annual,National currency,Barley - prices per 100 kg,Czechia,2021,428.00,,
ESTAT:APRI_AP_CRPOUTA$DEFAULTVIEW(1.0),15/05/25 11:00:00,Annual,National currency,Barley - prices per 100 kg,Czechia,2022,678.00,,
ESTAT:APRI_AP_CRPOUTA$DEFAULTVIEW(1.0),15/05/25 11:00:00,Annual,National currency,Barley - prices per 100 kg,Czechia,2023,624.00,,
ESTAT:APRI_AP_CRPOUTA$DEFAULTVIEW(1.0),15/05/25 11:00:00,Annual,National currency,Barley - prices per 100 kg,Czechia,2024,574.00,,
ESTAT:APRI_AP_CRPOUTA$DEFAULTVIEW(1.0),15/05/25 11:00:00,Annual,National currency,Barley - prices per 100 kg,Germany,2016,12.60,,
ESTAT:APRI_AP_CRPOUTA$DEFAULTVIEW(1.0),15/05/25 11:00:00,Annual,National currency,Barley - prices per 100 kg,Germany,2017,13.61,,
ESTAT:APRI_AP_CRPOUTA$DEFAULTVIEW(1.0),15/05/25 11:00:00,Annual,National currency,Barley - prices per 100 kg,Germany,2018,16.55,,
ESTAT:APRI_AP_CRPOUTA$DEFAULTVIEW(1.0),15/05/25 11:00:00,Annual,National currency,Barley - prices per 100 kg,Germany,2019,15.69,,
ESTAT:APRI_AP_CRPOUTA$DEFAULTVIEW(1.0),15/05/25 11:00:00,Annual,National currency,Barley - prices per 100 kg,Germany,2020,15.03,,
ESTAT:APRI_AP_CRPOUTA$DEFAULTVIEW(1.0),15/05/25 11:00:00,Annual,National currency,Barley - prices per 100 kg,Germany,2021,19.84,,
ESTAT:APRI_AP_CRPOUTA$DEFAULTVIEW(1.0),15/05/25 11:00:00,Annual,National currency,Barley - prices per 100 kg,Germany,2022,28.58,,
ESTAT:APRI_AP_CRPOUTA$DEFAULTVIEW(1.0),15/05/25 11:00:00,Annual,National currency,Barley - prices per 100 kg,Germany,2023,18.97,,
ESTAT:APRI_AP_CRPOUTA$DEFAULTVIEW(1.0),15/05/25 11:00:00,Annual,National currency,Barley - prices per 100 kg,Germany,2024,20.38,,
ESTAT:APRI_AP_CRPOUTA$DEFAULTVIEW(1.0),15/05/25 11:00:00,Annual,National currency,Barley - prices per 100 kg,Denmark,2015,120.54,,
ESTAT:APRI_AP_CRPOUTA$DEFAULTVIEW(1.0),15/05/25 11:00:00,Annual,National currency,Barley - prices per 100 kg,Denmark,2016,104.02,,
ESTAT:APRI_AP_CRPOUTA$DEFAULTVIEW(1.0),15/05/25 11:00:00,Annual,National currency,Barley - prices per 100 kg,Denmark,2017,109.82,,
ESTAT:APRI_AP_CRPOUTA$DEFAULTVIEW(1.0),15/05/25 11:00:00,Annual,National currency,Barley - prices per 100 kg,Denmark,2018,128.50,,
ESTAT:APRI_AP_CRPOUTA$DEFAULTVIEW(1.0),15/05/25 11:00:00,Annual,National currency,Barley - prices per 100 kg,Denmark,2019,129.18,,
ESTAT:APRI_AP_CRPOUTA$DEFAULTVIEW(1.0),15/05/25 11:00:00,Annual,National currency,Barley - prices per 100 kg,Denmark,2020,115.29,,
ESTAT:APRI_AP_CRPOUTA$DEFAULTVIEW(1.0),15/05/25 11:00:00,Annual,National currency,Barley - prices per 100 kg,Denmark,2021,137.48,,
ESTAT:APRI_AP_CRPOUTA$DEFAULTVIEW(1.0),15/05/25 11:00:00,Annual,National currency,Barley - prices per 100 kg,Denmark,2022,202.69,,
ESTAT:APRI_AP_CRPOUTA$DEFAULTVIEW(1.0),15/05/25 11:00:00,Annual,National currency,Barley - prices per 100 kg,Denmark,2023,187.41,,
ESTAT:APRI_AP_CRPOUTA$DEFAULTVIEW(1.0),15/05/25 11:00:00,Annual,National currency,Barley - prices per 100 kg,Denmark,2024,162.04,,
ESTAT:APRI_AP_CRPOUTA$DEFAULTVIEW(1.0),15/05/25 11:00:00,Annual,National currency,Barley - prices per 100 kg,Estonia,2015,14.88,,
ESTAT:APRI_AP_CRPOUTA$DEFAULTVIEW(1.0),15/05/25 11:00:00,Annual,National currency,Barley - prices per 100 kg,Estonia,2016,12.76,,
ESTAT:APRI_AP_CRPOUTA$DEFAULTVIEW(1.0),15/05/25 11:00:00,Annual,National currency,Barley - prices per 100 kg,Estonia,2017,13.56,,
ESTAT:APRI_AP_CRPOUTA$DEFAULTVIEW(1.0),15/05/25 11:00:00,Annual,National currency,Barley - prices per 100 kg,Estonia,2018,15.73,,
ESTAT:APRI_AP_CRPOUTA$DEFAULTVIEW(1.0),15/05/25 11:00:00,Annual,National currency,Barley - prices per 100 kg,Estonia,2019,15.45,,
ESTAT:APRI_AP_CRPOUTA$DEFAULTVIEW(1.0),15/05/25 11:00:00,Annual,National currency,Barley - prices per 100 kg,Estonia,2020,14.58,,
ESTAT:APRI_AP_CRPOUTA$DEFAULTVIEW(1.0),15/05/25 11:00:00,Annual,National currency,Barley - prices per 100 kg,Estonia,2021,18.23,,
ESTAT:APRI_AP_CRPOUTA$DEFAULTVIEW(1.0),15/05/25 11:00:00,Annual,National currency,Barley - prices per 100 kg,Estonia,2022,27.49,,
ESTAT:APRI_AP_CRPOUTA$DEFAULTVIEW(1.0),15/05/25 11:00:00,Annual,National currency,Barley - prices per 100 kg,Estonia,2023,19.62,,
ESTAT:APRI_AP_CRPOUTA$DEFAULTVIEW(1.0),15/05/25 11:00:00,Annual,National currency,Barley - prices per 100 kg,Estonia,2024,17.13,,
ESTAT:APRI_AP_CRPOUTA$DEFAULTVIEW(1.0),15/05/25 11:00:00,Annual,National currency,Barley - prices per 100 kg,Greece,2015,16.72,,
ESTAT:APRI_AP_CRPOUTA$DEFAULTVIEW(1.0),15/05/25 11:00:00,Annual,National currency,Barley - prices per 100 kg,Greece,2016,16.20,,
ESTAT:APRI_AP_CRPOUTA$DEFAULTVIEW(1.0),15/05/25 11:00:00,Annual,National currency,Barley - prices per 100 kg,Greece,2017,15.83,,
ESTAT:APRI_AP_CRPOUTA$DEFAULTVIEW(1.0),15/05/25 11:00:00,Annual,National currency,Barley - prices per 100 kg,Greece,2018,15.61,,
ESTAT:APRI_AP_CRPOUTA$DEFAULTVIEW(1.0),15/05/25 11:00:00,Annual,National currency,Barley - prices per 100 kg,Greece,2019,16.22,,
ESTAT:APRI_AP_CRPOUTA$DEFAULTVIEW(1.0),15/05/25 11:00:00,Annual,National currency,Barley - prices per 100 kg,Greece,2020,15.60,,
ESTAT:APRI_AP_CRPOUTA$DEFAULTVIEW(1.0),15/05/25 11:00:00,Annual,National currency,Barley - prices per 100 kg,Greece,2021,19.25,,
ESTAT:APRI_AP_CRPOUTA$DEFAULTVIEW(1.0),15/05/25 11:00:00,Annual,National currency,Barley - prices per 100 kg,Greece,2022,30.52,,
ESTAT:APRI_AP_CRPOUTA$DEFAULTVIEW(1.0),15/05/25 11:00:00,Annual,National currency,Barley - prices per 100 kg,Greece,2023,19.16,,
ESTAT:APRI_AP_CRPOUTA$DEFAULTVIEW(1.0),15/05/25 11:00:00,Annual,National currency,Barley - prices per 100 kg,Greece,2024,18.67,,
ESTAT:APRI_AP_CRPOUTA$DEFAULTVIEW(1.0),15/05/25 11:00:00,Annual,National currency,Barley - prices per 100 kg,Spain,2015,17.40,,
ESTAT:APRI_AP_CRPOUTA$DEFAULTVIEW(1.0),15/05/25 11:00:00,Annual,National currency,Barley - prices per 100 kg,Spain,2016,15.13,,
ESTAT:APRI_AP_CRPOUTA$DEFAULTVIEW(1.0),15/05/25 11:00:00,Annual,National currency,Barley - prices per 100 kg,Spain,2017,16.51,,
ESTAT:APRI_AP_CRPOUTA$DEFAULTVIEW(1.0),15/05/25 11:00:00,Annual,National currency,Barley - prices per 100 kg,Spain,2018,17.26,,
ESTAT:APRI_AP_CRPOUTA$DEFAULTVIEW(1.0),15/05/25 11:00:00,Annual,National currency,Barley - prices per 100 kg,Spain,2019,17.51,,
ESTAT:APRI_AP_CRPOUTA$DEFAULTVIEW(1.0),15/05/25 11:00:00,Annual,National currency,Barley - prices per 100 kg,Spain,2020,16.12,,
ESTAT:APRI_AP_CRPOUTA$DEFAULTVIEW(1.0),15/05/25 11:00:00,Annual,National currency,Barley - prices per 100 kg,Spain,2021,21.97,,
ESTAT:APRI_AP_CRPOUTA$DEFAULTVIEW(1.0),15/05/25 11:00:00,Annual,National currency,Barley - prices per 100 kg,Spain,2022,32.39,,
ESTAT:APRI_AP_CRPOUTA$DEFAULTVIEW(1.0),15/05/25 11:00:00,Annual,National currency,Barley - prices per 100 kg,Spain,2023,24.54,,
ESTAT:APRI_AP_CRPOUTA$DEFAULTVIEW(1.0),15/05/25 11:00:00,Annual,National currency,Barley - prices per 100 kg,Spain,2024,20.15,,
ESTAT:APRI_AP_CRPOUTA$DEFAULTVIEW(1.0),15/05/25 11:00:00,Annual,National currency,Barley - prices per 100 kg,Finland,2022,31.92,,
ESTAT:APRI_AP_CRPOUTA$DEFAULTVIEW(1.0),15/05/25 11:00:00,Annual,National currency,Barley - prices per 100 kg,Finland,2023,24.68,,
ESTAT:APRI_AP_CRPOUTA$DEFAULTVIEW(1.0),15/05/25 11:00:00,Annual,National currency,Barley - prices per 100 kg,Finland,2024,20.87,,
ESTAT:APRI_AP_CRPOUTA$DEFAULTVIEW(1.0),15/05/25 11:00:00,Annual,National currency,Barley - prices per 100 kg,France,2015,24.40,,
ESTAT:APRI_AP_CRPOUTA$DEFAULTVIEW(1.0),15/05/25 11:00:00,Annual,National currency,Barley - prices per 100 kg,France,2016,21.30,,
ESTAT:APRI_AP_CRPOUTA$DEFAULTVIEW(1.0),15/05/25 11:00:00,Annual,National currency,Barley - prices per 100 kg,Croatia,2015,119.76,,
ESTAT:APRI_AP_CRPOUTA$DEFAULTVIEW(1.0),15/05/25 11:00:00,Annual,National currency,Barley - prices per 100 kg,Croatia,2016,99.06,,
ESTAT:APRI_AP_CRPOUTA$DEFAULTVIEW(1.0),15/05/25 11:00:00,Annual,National currency,Barley - prices per 100 kg,Croatia,2017,100.35,,
ESTAT:APRI_AP_CRPOUTA$DEFAULTVIEW(1.0),15/05/25 11:00:00,Annual,National currency,Barley - prices per 100 kg,Croatia,2018,110.51,,
ESTAT:APRI_AP_CRPOUTA$DEFAULTVIEW(1.0),15/05/25 11:00:00,Annual,National currency,Barley - prices per 100 kg,Croatia,2019,108.98,,
ESTAT:APRI_AP_CRPOUTA$DEFAULTVIEW(1.0),15/05/25 11:00:00,Annual,National currency,Barley - prices per 100 kg,Croatia,2020,106.84,,
ESTAT:APRI_AP_CRPOUTA$DEFAULTVIEW(1.0),15/05/25 11:00:00,Annual,National currency,Barley - prices per 100 kg,Hungary,2015,4189.00,,
ESTAT:APRI_AP_CRPOUTA$DEFAULTVIEW(1.0),15/05/25 11:00:00,Annual,National currency,Barley - prices per 100 kg,Hungary,2016,3673.00,,
ESTAT:APRI_AP_CRPOUTA$DEFAULTVIEW(1.0),15/05/25 11:00:00,Annual,National currency,Barley - prices per 100 kg,Hungary,2017,3614.00,,
ESTAT:APRI_AP_CRPOUTA$DEFAULTVIEW(1.0),15/05/25 11:00:00,Annual,National currency,Barley - prices per 100 kg,Hungary,2018,4320.00,,
ESTAT:APRI_AP_CRPOUTA$DEFAULTVIEW(1.0),15/05/25 11:00:00,Annual,National currency,Barley - prices per 100 kg,Hungary,2019,4414.00,,
ESTAT:APRI_AP_CRPOUTA$DEFAULTVIEW(1.0),15/05/25 11:00:00,Annual,National currency,Barley - prices per 100 kg,Hungary,2020,4454.00,,
ESTAT:APRI_AP_CRPOUTA$DEFAULTVIEW(1.0),15/05/25 11:00:00,Annual,National currency,Barley - prices per 100 kg,Hungary,2021,5904.00,,
ESTAT:APRI_AP_CRPOUTA$DEFAULTVIEW(1.0),15/05/25 11:00:00,Annual,National currency,Barley - prices per 100 kg,Hungary,2022,10775.00,,
ESTAT:APRI_AP_CRPOUTA$DEFAULTVIEW(1.0),15/05/25 11:00:00,Annual,National currency,Barley - prices per 100 kg,Hungary,2023,5801.00,,
ESTAT:APRI_AP_CRPOUTA$DEFAULTVIEW(1.0),15/05/25 11:00:00,Annual,National currency,Barley - prices per 100 kg,Hungary,2024,5638.00,,
ESTAT:APRI_AP_CRPOUTA$DEFAULTVIEW(1.0),15/05/25 11:00:00,Annual,National currency,Barley - prices per 100 kg,Ireland,2015,,,C
ESTAT:APRI_AP_CRPOUTA$DEFAULTVIEW(1.0),15/05/25 11:00:00,Annual,National currency,Barley - prices per 100 kg,Ireland,2016,,,C
ESTAT:APRI_AP_CRPOUTA$DEFAULTVIEW(1.0),15/05/25 11:00:00,Annual,National currency,Barley - prices per 100 kg,Ireland,2017,15.36,,
ESTAT:APRI_AP_CRPOUTA$DEFAULTVIEW(1.0),15/05/25 11:00:00,Annual,National currency,Barley - prices per 100 kg,Ireland,2018,22.27,,
ESTAT:APRI_AP_CRPOUTA$DEFAULTVIEW(1.0),15/05/25 11:00:00,Annual,National currency,Barley - prices per 100 kg,Ireland,2019,17.64,,
ESTAT:APRI_AP_CRPOUTA$DEFAULTVIEW(1.0),15/05/25 11:00:00,Annual,National currency,Barley - prices per 100 kg,Ireland,2020,17.28,,
ESTAT:APRI_AP_CRPOUTA$DEFAULTVIEW(1.0),15/05/25 11:00:00,Annual,National currency,Barley - prices per 100 kg,Ireland,2021,23.49,,
ESTAT:APRI_AP_CRPOUTA$DEFAULTVIEW(1.0),15/05/25 11:00:00,Annual,National currency,Barley - prices per 100 kg,Ireland,2022,36.28,,
ESTAT:APRI_AP_CRPOUTA$DEFAULTVIEW(1.0),15/05/25 11:00:00,Annual,National currency,Barley - prices per 100 kg,Ireland,2023,27.06,,
ESTAT:APRI_AP_CRPOUTA$DEFAULTVIEW(1.0),15/05/25 11:00:00,Annual,National currency,Barley - prices per 100 kg,Ireland,2024,24.53,,
ESTAT:APRI_AP_CRPOUTA$DEFAULTVIEW(1.0),15/05/25 11:00:00,Annual,National currency,Barley - prices per 100 kg,Lithuania,2015,14.35,,
ESTAT:APRI_AP_CRPOUTA$DEFAULTVIEW(1.0),15/05/25 11:00:00,Annual,National currency,Barley - prices per 100 kg,Lithuania,2016,12.83,,
ESTAT:APRI_AP_CRPOUTA$DEFAULTVIEW(1.0),15/05/25 11:00:00,Annual,National currency,Barley - prices per 100 kg,Lithuania,2017,13.80,,
ESTAT:APRI_AP_CRPOUTA$DEFAULTVIEW(1.0),15/05/25 11:00:00,Annual,National currency,Barley - prices per 100 kg,Lithuania,2018,17.06,,
ESTAT:APRI_AP_CRPOUTA$DEFAULTVIEW(1.0),15/05/25 11:00:00,Annual,National currency,Barley - prices per 100 kg,Lithuania,2019,14.66,,
ESTAT:APRI_AP_CRPOUTA$DEFAULTVIEW(1.0),15/05/25 11:00:00,Annual,National currency,Barley - prices per 100 kg,Lithuania,2020,14.25,,
ESTAT:APRI_AP_CRPOUTA$DEFAULTVIEW(1.0),15/05/25 11:00:00,Annual,National currency,Barley - prices per 100 kg,Lithuania,2021,18.19,,
ESTAT:APRI_AP_CRPOUTA$DEFAULTVIEW(1.0),15/05/25 11:00:00,Annual,National currency,Barley - prices per 100 kg,Lithuania,2022,28.69,,
ESTAT:APRI_AP_CRPOUTA$DEFAULTVIEW(1.0),15/05/25 11:00:00,Annual,National currency,Barley - prices per 100 kg,Lithuania,2023,20.26,,
ESTAT:APRI_AP_CRPOUTA$DEFAULTVIEW(1.0),15/05/25 11:00:00,Annual,National currency,Barley - prices per 100 kg,Lithuania,2024,17.34,,
ESTAT:APRI_AP_CRPOUTA$DEFAULTVIEW(1.0),15/05/25 11:00:00,Annual,National currency,Barley - prices per 100 kg,Luxembourg,2015,14.21,,
ESTAT:APRI_AP_CRPOUTA$DEFAULTVIEW(1.0),15/05/25 11:00:00,Annual,National currency,Barley - prices per 100 kg,Luxembourg,2016,11.30,,
ESTAT:APRI_AP_CRPOUTA$DEFAULTVIEW(1.0),15/05/25 11:00:00,Annual,National currency,Barley - prices per 100 kg,Luxembourg,2017,12.52,,
ESTAT:APRI_AP_CRPOUTA$DEFAULTVIEW(1.0),15/05/25 11:00:00,Annual,National currency,Barley - prices per 100 kg,Luxembourg,2018,15.18,,
ESTAT:APRI_AP_CRPOUTA$DEFAULTVIEW(1.0),15/05/25 11:00:00,Annual,National currency,Barley - prices per 100 kg,Luxembourg,2019,13.32,,
ESTAT:APRI_AP_CRPOUTA$DEFAULTVIEW(1.0),15/05/25 11:00:00,Annual,National currency,Barley - prices per 100 kg,Luxembourg,2020,14.21,,
ESTAT:APRI_AP_CRPOUTA$DEFAULTVIEW(1.0),15/05/25 11:00:00,Annual,National currency,Barley - prices per 100 kg,Luxembourg,2021,,,C
ESTAT:APRI_AP_CRPOUTA$DEFAULTVIEW(1.0),15/05/25 11:00:00,Annual,National currency,Barley - prices per 100 kg,Luxembourg,2022,,,C
ESTAT:APRI_AP_CRPOUTA$DEFAULTVIEW(1.0),15/05/25 11:00:00,Annual,National currency,Barley - prices per 100 kg,Luxembourg,2023,,,C
ESTAT:APRI_AP_CRPOUTA$DEFAULTVIEW(1.0),15/05/25 11:00:00,Annual,National currency,Barley - prices per 100 kg,Luxembourg,2024,,,C
ESTAT:APRI_AP_CRPOUTA$DEFAULTVIEW(1.0),15/05/25 11:00:00,Annual,National currency,Barley - prices per 100 kg,Latvia,2015,13.30,,
ESTAT:APRI_AP_CRPOUTA$DEFAULTVIEW(1.0),15/05/25 11:00:00,Annual,National currency,Barley - prices per 100 kg,Latvia,2016,12.16,,
ESTAT:APRI_AP_CRPOUTA$DEFAULTVIEW(1.0),15/05/25 11:00:00,Annual,National currency,Barley - prices per 100 kg,Latvia,2017,12.72,,
ESTAT:APRI_AP_CRPOUTA$DEFAULTVIEW(1.0),15/05/25 11:00:00,Annual,National currency,Barley - prices per 100 kg,Latvia,2018,16.19,,
ESTAT:APRI_AP_CRPOUTA$DEFAULTVIEW(1.0),15/05/25 11:00:00,Annual,National currency,Barley - prices per 100 kg,Latvia,2019,14.10,,
ESTAT:APRI_AP_CRPOUTA$DEFAULTVIEW(1.0),15/05/25 11:00:00,Annual,National currency,Barley - prices per 100 kg,Latvia,2020,14.27,,
ESTAT:APRI_AP_CRPOUTA$DEFAULTVIEW(1.0),15/05/25 11:00:00,Annual,National currency,Barley - prices per 100 kg,Latvia,2021,18.44,,
ESTAT:APRI_AP_CRPOUTA$DEFAULTVIEW(1.0),15/05/25 11:00:00,Annual,National currency,Barley - prices per 100 kg,Latvia,2022,27.25,,
ESTAT:APRI_AP_CRPOUTA$DEFAULTVIEW(1.0),15/05/25 11:00:00,Annual,National currency,Barley - prices per 100 kg,Latvia,2023,18.06,,
ESTAT:APRI_AP_CRPOUTA$DEFAULTVIEW(1.0),15/05/25 11:00:00,Annual,National currency,Barley - prices per 100 kg,Latvia,2024,15.13,,
ESTAT:APRI_AP_CRPOUTA$DEFAULTVIEW(1.0),15/05/25 11:00:00,Annual,National currency,Barley - prices per 100 kg,Poland,2015,61.21,,
ESTAT:APRI_AP_CRPOUTA$DEFAULTVIEW(1.0),15/05/25 11:00:00,Annual,National currency,Barley - prices per 100 kg,Poland,2016,58.41,,
ESTAT:APRI_AP_CRPOUTA$DEFAULTVIEW(1.0),15/05/25 11:00:00,Annual,National currency,Barley - prices per 100 kg,Poland,2017,61.43,,
ESTAT:APRI_AP_CRPOUTA$DEFAULTVIEW(1.0),15/05/25 11:00:00,Annual,National currency,Barley - prices per 100 kg,Poland,2018,68.31,,
ESTAT:APRI_AP_CRPOUTA$DEFAULTVIEW(1.0),15/05/25 11:00:00,Annual,National currency,Barley - prices per 100 kg,Poland,2019,67.37,p,
ESTAT:APRI_AP_CRPOUTA$DEFAULTVIEW(1.0),15/05/25 11:00:00,Annual,National currency,Barley - prices per 100 kg,Poland,2020,63.63,p,
ESTAT:APRI_AP_CRPOUTA$DEFAULTVIEW(1.0),15/05/25 11:00:00,Annual,National currency,Barley - prices per 100 kg,Poland,2021,78.27,p,
ESTAT:APRI_AP_CRPOUTA$DEFAULTVIEW(1.0),15/05/25 11:00:00,Annual,National currency,Barley - prices per 100 kg,Poland,2022,129.96,,
ESTAT:APRI_AP_CRPOUTA$DEFAULTVIEW(1.0),15/05/25 11:00:00,Annual,National currency,Barley - prices per 100 kg,Poland,2023,87.92,,
ESTAT:APRI_AP_CRPOUTA$DEFAULTVIEW(1.0),15/05/25 11:00:00,Annual,National currency,Barley - prices per 100 kg,Poland,2024,74.44,,
ESTAT:APRI_AP_CRPOUTA$DEFAULTVIEW(1.0),15/05/25 11:00:00,Annual,National currency,Barley - prices per 100 kg,Portugal,2015,19.61,,
ESTAT:APRI_AP_CRPOUTA$DEFAULTVIEW(1.0),15/05/25 11:00:00,Annual,National currency,Barley - prices per 100 kg,Portugal,2016,18.99,,
ESTAT:APRI_AP_CRPOUTA$DEFAULTVIEW(1.0),15/05/25 11:00:00,Annual,National currency,Barley - prices per 100 kg,Portugal,2017,17.78,,
ESTAT:APRI_AP_CRPOUTA$DEFAULTVIEW(1.0),15/05/25 11:00:00,Annual,National currency,Barley - prices per 100 kg,Portugal,2018,19.21,,
ESTAT:APRI_AP_CRPOUTA$DEFAULTVIEW(1.0),15/05/25 11:00:00,Annual,National currency,Barley - prices per 100 kg,Portugal,2019,19.41,,
ESTAT:APRI_AP_CRPOUTA$DEFAULTVIEW(1.0),15/05/25 11:00:00,Annual,National currency,Barley - prices per 100 kg,Portugal,2020,19.00,,
ESTAT:APRI_AP_CRPOUTA$DEFAULTVIEW(1.0),15/05/25 11:00:00,Annual,National currency,Barley - prices per 100 kg,Portugal,2021,22.68,,
ESTAT:APRI_AP_CRPOUTA$DEFAULTVIEW(1.0),15/05/25 11:00:00,Annual,National currency,Barley - prices per 100 kg,Portugal,2022,39.00,,
ESTAT:APRI_AP_CRPOUTA$DEFAULTVIEW(1.0),15/05/25 11:00:00,Annual,National currency,Barley - prices per 100 kg,Portugal,2023,26.25,,
ESTAT:APRI_AP_CRPOUTA$DEFAULTVIEW(1.0),15/05/25 11:00:00,Annual,National currency,Barley - prices per 100 kg,Portugal,2024,23.85,,
ESTAT:APRI_AP_CRPOUTA$DEFAULTVIEW(1.0),15/05/25 11:00:00,Annual,National currency,Barley - prices per 100 kg,Romania,2015,86.00,,
ESTAT:APRI_AP_CRPOUTA$DEFAULTVIEW(1.0),15/05/25 11:00:00,Annual,National currency,Barley - prices per 100 kg,Romania,2016,80.00,,
ESTAT:APRI_AP_CRPOUTA$DEFAULTVIEW(1.0),15/05/25 11:00:00,Annual,National currency,Barley - prices per 100 kg,Romania,2017,77.00,,
ESTAT:APRI_AP_CRPOUTA$DEFAULTVIEW(1.0),15/05/25 11:00:00,Annual,National currency,Barley - prices per 100 kg,Romania,2018,82.00,,
ESTAT:APRI_AP_CRPOUTA$DEFAULTVIEW(1.0),15/05/25 11:00:00,Annual,National currency,Barley - prices per 100 kg,Romania,2019,88.00,,
ESTAT:APRI_AP_CRPOUTA$DEFAULTVIEW(1.0),15/05/25 11:00:00,Annual,National currency,Barley - prices per 100 kg,Romania,2020,89.00,,
ESTAT:APRI_AP_CRPOUTA$DEFAULTVIEW(1.0),15/05/25 11:00:00,Annual,National currency,Barley - prices per 100 kg,Romania,2021,100.00,,
ESTAT:APRI_AP_CRPOUTA$DEFAULTVIEW(1.0),15/05/25 11:00:00,Annual,National currency,Barley - prices per 100 kg,Romania,2022,136.00,,
ESTAT:APRI_AP_CRPOUTA$DEFAULTVIEW(1.0),15/05/25 11:00:00,Annual,National currency,Barley - prices per 100 kg,Romania,2023,114.00,,
ESTAT:APRI_AP_CRPOUTA$DEFAULTVIEW(1.0),15/05/25 11:00:00,Annual,National currency,Barley - prices per 100 kg,Romania,2024,85.00,,
ESTAT:APRI_AP_CRPOUTA$DEFAULTVIEW(1.0),15/05/25 11:00:00,Annual,National currency,Barley - prices per 100 kg,Sweden,2015,123.70,,
ESTAT:APRI_AP_CRPOUTA$DEFAULTVIEW(1.0),15/05/25 11:00:00,Annual,National currency,Barley - prices per 100 kg,Sweden,2016,117.70,,
ESTAT:APRI_AP_CRPOUTA$DEFAULTVIEW(1.0),15/05/25 11:00:00,Annual,National currency,Barley - prices per 100 kg,Sweden,2017,124.70,,
ESTAT:APRI_AP_CRPOUTA$DEFAULTVIEW(1.0),15/05/25 11:00:00,Annual,National currency,Barley - prices per 100 kg,Sweden,2018,195.40,,
ESTAT:APRI_AP_CRPOUTA$DEFAULTVIEW(1.0),15/05/25 11:00:00,Annual,National currency,Barley - prices per 100 kg,Sweden,2019,136.90,,
ESTAT:APRI_AP_CRPOUTA$DEFAULTVIEW(1.0),15/05/25 11:00:00,Annual,National currency,Barley - prices per 100 kg,Sweden,2020,146.20,,
ESTAT:APRI_AP_CRPOUTA$DEFAULTVIEW(1.0),15/05/25 11:00:00,Annual,National currency,Barley - prices per 100 kg,Sweden,2021,197.30,,
ESTAT:APRI_AP_CRPOUTA$DEFAULTVIEW(1.0),15/05/25 11:00:00,Annual,National currency,Barley - prices per 100 kg,Sweden,2022,325.91,,
ESTAT:APRI_AP_CRPOUTA$DEFAULTVIEW(1.0),15/05/25 11:00:00,Annual,National currency,Barley - prices per 100 kg,Sweden,2023,284.76,,
ESTAT:APRI_AP_CRPOUTA$DEFAULTVIEW(1.0),15/05/25 11:00:00,Annual,National currency,Barley - prices per 100 kg,Sweden,2024,230.54,,
ESTAT:APRI_AP_CRPOUTA$DEFAULTVIEW(1.0),15/05/25 11:00:00,Annual,National currency,Barley - prices per 100 kg,Slovenia,2015,13.38,,
ESTAT:APRI_AP_CRPOUTA$DEFAULTVIEW(1.0),15/05/25 11:00:00,Annual,National currency,Barley - prices per 100 kg,Slovenia,2016,13.30,,
ESTAT:APRI_AP_CRPOUTA$DEFAULTVIEW(1.0),15/05/25 11:00:00,Annual,National currency,Barley - prices per 100 kg,Slovenia,2017,12.88,,
ESTAT:APRI_AP_CRPOUTA$DEFAULTVIEW(1.0),15/05/25 11:00:00,Annual,National currency,Barley - prices per 100 kg,Slovenia,2018,14.24,,
ESTAT:APRI_AP_CRPOUTA$DEFAULTVIEW(1.0),15/05/25 11:00:00,Annual,National currency,Barley - prices per 100 kg,Slovenia,2019,13.72,,
ESTAT:APRI_AP_CRPOUTA$DEFAULTVIEW(1.0),15/05/25 11:00:00,Annual,National currency,Barley - prices per 100 kg,Slovenia,2020,12.54,,
ESTAT:APRI_AP_CRPOUTA$DEFAULTVIEW(1.0),15/05/25 11:00:00,Annual,National currency,Barley - prices per 100 kg,Slovenia,2021,16.83,,
ESTAT:APRI_AP_CRPOUTA$DEFAULTVIEW(1.0),15/05/25 11:00:00,Annual,National currency,Barley - prices per 100 kg,Slovenia,2022,27.83,,
ESTAT:APRI_AP_CRPOUTA$DEFAULTVIEW(1.0),15/05/25 11:00:00,Annual,National currency,Barley - prices per 100 kg,Slovenia,2023,15.09,,
ESTAT:APRI_AP_CRPOUTA$DEFAULTVIEW(1.0),15/05/25 11:00:00,Annual,National currency,Barley - prices per 100 kg,Slovenia,2024,15.29,,
ESTAT:APRI_AP_CRPOUTA$DEFAULTVIEW(1.0),15/05/25 11:00:00,Annual,National currency,Barley - prices per 100 kg,Slovakia,2015,15.14,,
ESTAT:APRI_AP_CRPOUTA$DEFAULTVIEW(1.0),15/05/25 11:00:00,Annual,National currency,Barley - prices per 100 kg,Slovakia,2016,13.97,,
ESTAT:APRI_AP_CRPOUTA$DEFAULTVIEW(1.0),15/05/25 11:00:00,Annual,National currency,Barley - prices per 100 kg,Slovakia,2017,15.36,,
ESTAT:APRI_AP_CRPOUTA$DEFAULTVIEW(1.0),15/05/25 11:00:00,Annual,National currency,Barley - prices per 100 kg,Slovakia,2018,16.27,,
ESTAT:APRI_AP_CRPOUTA$DEFAULTVIEW(1.0),15/05/25 11:00:00,Annual,National currency,Barley - prices per 100 kg,Slovakia,2019,16.62,,
ESTAT:APRI_AP_CRPOUTA$DEFAULTVIEW(1.0),15/05/25 11:00:00,Annual,National currency,Barley - prices per 100 kg,Slovakia,2020,15.54,,
ESTAT:APRI_AP_CRPOUTA$DEFAULTVIEW(1.0),15/05/25 11:00:00,Annual,National currency,Barley - prices per 100 kg,Slovakia,2021,17.68,,
ESTAT:APRI_AP_CRPOUTA$DEFAULTVIEW(1.0),15/05/25 11:00:00,Annual,National currency,Barley - prices per 100 kg,Slovakia,2022,30.07,,
ESTAT:APRI_AP_CRPOUTA$DEFAULTVIEW(1.0),15/05/25 11:00:00,Annual,National currency,Barley - prices per 100 kg,Slovakia,2023,22.11,,
ESTAT:APRI_AP_CRPOUTA$DEFAULTVIEW(1.0),15/05/25 11:00:00,Annual,National currency,Barley - prices per 100 kg,Slovakia,2024,19.07,,
ESTAT:APRI_AP_CRPOUTA$DEFAULTVIEW(1.0),15/05/25 11:00:00,Annual,National currency,Barley - prices per 100 kg,United Kingdom,2015,10.46,,
ESTAT:APRI_AP_CRPOUTA$DEFAULTVIEW(1.0),15/05/25 11:00:00,Annual,National currency,Barley - prices per 100 kg,United Kingdom,2016,10.21,,
ESTAT:APRI_AP_CRPOUTA$DEFAULTVIEW(1.0),15/05/25 11:00:00,Annual,National currency,Barley - prices per 100 kg,United Kingdom,2017,12.07,,
ESTAT:APRI_AP_CRPOUTA$DEFAULTVIEW(1.0),15/05/25 11:00:00,Annual,National currency,Barley - prices per 100 kg,United Kingdom,2018,14.82,,
ESTAT:APRI_AP_CRPOUTA$DEFAULTVIEW(1.0),15/05/25 11:00:00,Annual,National currency,Barley - prices per 100 kg,United Kingdom,2019,12.88,,
ESTAT:APRI_AP_CRPOUTA$DEFAULTVIEW(1.0),15/05/25 11:00:00,Annual,National currency,Feed barley - prices per 100 kg,Austria,2015,11.80,,
ESTAT:APRI_AP_CRPOUTA$DEFAULTVIEW(1.0),15/05/25 11:00:00,Annual,National currency,Feed barley - prices per 100 kg,Austria,2016,10.23,,
ESTAT:APRI_AP_CRPOUTA$DEFAULTVIEW(1.0),15/05/25 11:00:00,Annual,National currency,Feed barley - prices per 100 kg,Austria,2017,11.60,,
ESTAT:APRI_AP_CRPOUTA$DEFAULTVIEW(1.0),15/05/25 11:00:00,Annual,National currency,Feed barley - prices per 100 kg,Austria,2018,13.69,,
ESTAT:APRI_AP_CRPOUTA$DEFAULTVIEW(1.0),15/05/25 11:00:00,Annual,National currency,Feed barley - prices per 100 kg,Austria,2019,12.31,,
ESTAT:APRI_AP_CRPOUTA$DEFAULTVIEW(1.0),15/05/25 11:00:00,Annual,National currency,Feed barley - prices per 100 kg,Austria,2020,12.08,,
ESTAT:APRI_AP_CRPOUTA$DEFAULTVIEW(1.0),15/05/25 11:00:00,Annual,National currency,Feed barley - prices per 100 kg,Austria,2021,17.23,,
ESTAT:APRI_AP_CRPOUTA$DEFAULTVIEW(1.0),15/05/25 11:00:00,Annual,National currency,Feed barley - prices per 100 kg,Austria,2022,24.19,,
ESTAT:APRI_AP_CRPOUTA$DEFAULTVIEW(1.0),15/05/25 11:00:00,Annual,National currency,Feed barley - prices per 100 kg,Austria,2023,14.85,,
ESTAT:APRI_AP_CRPOUTA$DEFAULTVIEW(1.0),15/05/25 11:00:00,Annual,National currency,Feed barley - prices per 100 kg,Austria,2024,13.79,p,
ESTAT:APRI_AP_CRPOUTA$DEFAULTVIEW(1.0),15/05/25 11:00:00,Annual,National currency,Feed barley - prices per 100 kg,Belgium,2015,,m,
ESTAT:APRI_AP_CRPOUTA$DEFAULTVIEW(1.0),15/05/25 11:00:00,Annual,National currency,Feed barley - prices per 100 kg,Belgium,2023,19.13,,
ESTAT:APRI_AP_CRPOUTA$DEFAULTVIEW(1.0),15/05/25 11:00:00,Annual,National currency,Feed barley - prices per 100 kg,Bulgaria,2015,29.63,,
ESTAT:APRI_AP_CRPOUTA$DEFAULTVIEW(1.0),15/05/25 11:00:00,Annual,National currency,Feed barley - prices per 100 kg,Bulgaria,2016,26.97,,
ESTAT:APRI_AP_CRPOUTA$DEFAULTVIEW(1.0),15/05/25 11:00:00,Annual,National currency,Feed barley - prices per 100 kg,Bulgaria,2017,26.93,,
ESTAT:APRI_AP_CRPOUTA$DEFAULTVIEW(1.0),15/05/25 11:00:00,Annual,National currency,Feed barley - prices per 100 kg,Bulgaria,2018,29.26,,
ESTAT:APRI_AP_CRPOUTA$DEFAULTVIEW(1.0),15/05/25 11:00:00,Annual,National currency,Feed barley - prices per 100 kg,Bulgaria,2019,28.83,,
ESTAT:APRI_AP_CRPOUTA$DEFAULTVIEW(1.0),15/05/25 11:00:00,Annual,National currency,Feed barley - prices per 100 kg,Bulgaria,2020,28.75,,
ESTAT:APRI_AP_CRPOUTA$DEFAULTVIEW(1.0),15/05/25 11:00:00,Annual,National currency,Feed barley - prices per 100 kg,Bulgaria,2021,35.07,,
ESTAT:APRI_AP_CRPOUTA$DEFAULTVIEW(1.0),15/05/25 11:00:00,Annual,National currency,Feed barley - prices per 100 kg,Bulgaria,2022,56.63,,
ESTAT:APRI_AP_CRPOUTA$DEFAULTVIEW(1.0),15/05/25 11:00:00,Annual,National currency,Feed barley - prices per 100 kg,Bulgaria,2023,37.89,,
ESTAT:APRI_AP_CRPOUTA$DEFAULTVIEW(1.0),15/05/25 11:00:00,Annual,National currency,Feed barley - prices per 100 kg,Bulgaria,2024,32.16,,
ESTAT:APRI_AP_CRPOUTA$DEFAULTVIEW(1.0),15/05/25 11:00:00,Annual,National currency,Feed barley - prices per 100 kg,Cyprus,2015,20.50,,
ESTAT:APRI_AP_CRPOUTA$DEFAULTVIEW(1.0),15/05/25 11:00:00,Annual,National currency,Feed barley - prices per 100 kg,Cyprus,2016,17.90,,
ESTAT:APRI_AP_CRPOUTA$DEFAULTVIEW(1.0),15/05/25 11:00:00,Annual,National currency,Feed barley - prices per 100 kg,Cyprus,2017,17.30,,
ESTAT:APRI_AP_CRPOUTA$DEFAULTVIEW(1.0),15/05/25 11:00:00,Annual,National currency,Feed barley - prices per 100 kg,Cyprus,2018,20.20,,
ESTAT:APRI_AP_CRPOUTA$DEFAULTVIEW(1.0),15/05/25 11:00:00,Annual,National currency,Feed barley - prices per 100 kg,Cyprus,2019,19.70,,
ESTAT:APRI_AP_CRPOUTA$DEFAULTVIEW(1.0),15/05/25 11:00:00,Annual,National currency,Feed barley - prices per 100 kg,Cyprus,2020,18.28,,
ESTAT:APRI_AP_CRPOUTA$DEFAULTVIEW(1.0),15/05/25 11:00:00,Annual,National currency,Feed barley - prices per 100 kg,Cyprus,2021,24.76,,
ESTAT:APRI_AP_CRPOUTA$DEFAULTVIEW(1.0),15/05/25 11:00:00,Annual,National currency,Feed barley - prices per 100 kg,Cyprus,2022,37.52,,
ESTAT:APRI_AP_CRPOUTA$DEFAULTVIEW(1.0),15/05/25 11:00:00,Annual,National currency,Feed barley - prices per 100 kg,Cyprus,2023,27.16,,
ESTAT:APRI_AP_CRPOUTA$DEFAULTVIEW(1.0),15/05/25 11:00:00,Annual,National currency,Feed barley - prices per 100 kg,Cyprus,2024,22.67,,
ESTAT:APRI_AP_CRPOUTA$DEFAULTVIEW(1.0),15/05/25 11:00:00,Annual,National currency,Feed barley - prices per 100 kg,Czechia,2015,363.00,,
ESTAT:APRI_AP_CRPOUTA$DEFAULTVIEW(1.0),15/05/25 11:00:00,Annual,National currency,Feed barley - prices per 100 kg,Czechia,2016,326.00,,
ESTAT:APRI_AP_CRPOUTA$DEFAULTVIEW(1.0),15/05/25 11:00:00,Annual,National currency,Feed barley - prices per 100 kg,Czechia,2017,327.00,,
ESTAT:APRI_AP_CRPOUTA$DEFAULTVIEW(1.0),15/05/25 11:00:00,Annual,National currency,Feed barley - prices per 100 kg,Czechia,2018,367.00,,
ESTAT:APRI_AP_CRPOUTA$DEFAULTVIEW(1.0),15/05/25 11:00:00,Annual,National currency,Feed barley - prices per 100 kg,Czechia,2019,394.00,,
ESTAT:APRI_AP_CRPOUTA$DEFAULTVIEW(1.0),15/05/25 11:00:00,Annual,National currency,Feed barley - prices per 100 kg,Czechia,2020,352.00,,
ESTAT:APRI_AP_CRPOUTA$DEFAULTVIEW(1.0),15/05/25 11:00:00,Annual,National currency,Feed barley - prices per 100 kg,Czechia,2021,414.00,,
ESTAT:APRI_AP_CRPOUTA$DEFAULTVIEW(1.0),15/05/25 11:00:00,Annual,National currency,Feed barley - prices per 100 kg,Czechia,2022,617.00,,
ESTAT:APRI_AP_CRPOUTA$DEFAULTVIEW(1.0),15/05/25 11:00:00,Annual,National currency,Feed barley - prices per 100 kg,Czechia,2023,455.00,,
ESTAT:APRI_AP_CRPOUTA$DEFAULTVIEW(1.0),15/05/25 11:00:00,Annual,National currency,Feed barley - prices per 100 kg,Czechia,2024,369.00,,
ESTAT:APRI_AP_CRPOUTA$DEFAULTVIEW(1.0),15/05/25 11:00:00,Annual,National currency,Feed barley - prices per 100 kg,Germany,2015,14.53,,
ESTAT:APRI_AP_CRPOUTA$DEFAULTVIEW(1.0),15/05/25 11:00:00,Annual,National currency,Feed barley - prices per 100 kg,Germany,2016,12.60,,
ESTAT:APRI_AP_CRPOUTA$DEFAULTVIEW(1.0),15/05/25 11:00:00,Annual,National currency,Feed barley - prices per 100 kg,Germany,2017,13.61,,
ESTAT:APRI_AP_CRPOUTA$DEFAULTVIEW(1.0),15/05/25 11:00:00,Annual,National currency,Feed barley - prices per 100 kg,Germany,2018,16.55,,
ESTAT:APRI_AP_CRPOUTA$DEFAULTVIEW(1.0),15/05/25 11:00:00,Annual,National currency,Feed barley - prices per 100 kg,Germany,2019,15.69,,
ESTAT:APRI_AP_CRPOUTA$DEFAULTVIEW(1.0),15/05/25 11:00:00,Annual,National currency,Feed barley - prices per 100 kg,Germany,2020,15.03,,
ESTAT:APRI_AP_CRPOUTA$DEFAULTVIEW(1.0),15/05/25 11:00:00,Annual,National currency,Feed barley - prices per 100 kg,Germany,2021,19.84,,
ESTAT:APRI_AP_CRPOUTA$DEFAULTVIEW(1.0),15/05/25 11:00:00,Annual,National currency,Feed barley - prices per 100 kg,Germany,2022,28.58,,
ESTAT:APRI_AP_CRPOUTA$DEFAULTVIEW(1.0),15/05/25 11:00:00,Annual,National currency,Feed barley - prices per 100 kg,Germany,2023,18.97,,
ESTAT:APRI_AP_CRPOUTA$DEFAULTVIEW(1.0),15/05/25 11:00:00,Annual,National currency,Feed barley - prices per 100 kg,Germany,2024,16.16,,
ESTAT:APRI_AP_CRPOUTA$DEFAULTVIEW(1.0),15/05/25 11:00:00,Annual,National currency,Feed barley - prices per 100 kg,Denmark,2015,120.54,,
ESTAT:APRI_AP_CRPOUTA$DEFAULTVIEW(1.0),15/05/25 11:00:00,Annual,National currency,Feed barley - prices per 100 kg,Denmark,2016,104.02,,
ESTAT:APRI_AP_CRPOUTA$DEFAULTVIEW(1.0),15/05/25 11:00:00,Annual,National currency,Feed barley - prices per 100 kg,Denmark,2017,109.82,,
ESTAT:APRI_AP_CRPOUTA$DEFAULTVIEW(1.0),15/05/25 11:00:00,Annual,National currency,Feed barley - prices per 100 kg,Denmark,2018,128.50,,
ESTAT:APRI_AP_CRPOUTA$DEFAULTVIEW(1.0),15/05/25 11:00:00,Annual,National currency,Feed barley - prices per 100 kg,Denmark,2019,129.18,,
ESTAT:APRI_AP_CRPOUTA$DEFAULTVIEW(1.0),15/05/25 11:00:00,Annual,National currency,Feed barley - prices per 100 kg,Denmark,2020,115.29,,
ESTAT:APRI_AP_CRPOUTA$DEFAULTVIEW(1.0),15/05/25 11:00:00,Annual,National currency,Feed barley - prices per 100 kg,Denmark,2021,137.48,,
ESTAT:APRI_AP_CRPOUTA$DEFAULTVIEW(1.0),15/05/25 11:00:00,Annual,National currency,Feed barley - prices per 100 kg,Denmark,2022,202.69,,
ESTAT:APRI_AP_CRPOUTA$DEFAULTVIEW(1.0),15/05/25 11:00:00,Annual,National currency,Feed barley - prices per 100 kg,Denmark,2023,187.41,,
ESTAT:APRI_AP_CRPOUTA$DEFAULTVIEW(1.0),15/05/25 11:00:00,Annual,National currency,Feed barley - prices per 100 kg,Denmark,2024,162.04,,
ESTAT:APRI_AP_CRPOUTA$DEFAULTVIEW(1.0),15/05/25 11:00:00,Annual,National currency,Feed barley - prices per 100 kg,Estonia,2015,14.88,,
ESTAT:APRI_AP_CRPOUTA$DEFAULTVIEW(1.0),15/05/25 11:00:00,Annual,National currency,Feed barley - prices per 100 kg,Estonia,2016,12.76,,
ESTAT:APRI_AP_CRPOUTA$DEFAULTVIEW(1.0),15/05/25 11:00:00,Annual,National currency,Feed barley - prices per 100 kg,Estonia,2017,13.56,,
ESTAT:APRI_AP_CRPOUTA$DEFAULTVIEW(1.0),15/05/25 11:00:00,Annual,National currency,Feed barley - prices per 100 kg,Estonia,2018,15.73,,
ESTAT:APRI_AP_CRPOUTA$DEFAULTVIEW(1.0),15/05/25 11:00:00,Annual,National currency,Feed barley - prices per 100 kg,Estonia,2019,15.45,,
ESTAT:APRI_AP_CRPOUTA$DEFAULTVIEW(1.0),15/05/25 11:00:00,Annual,National currency,Feed barley - prices per 100 kg,Estonia,2020,14.58,,
ESTAT:APRI_AP_CRPOUTA$DEFAULTVIEW(1.0),15/05/25 11:00:00,Annual,National currency,Feed barley - prices per 100 kg,Estonia,2021,18.23,,
ESTAT:APRI_AP_CRPOUTA$DEFAULTVIEW(1.0),15/05/25 11:00:00,Annual,National currency,Feed barley - prices per 100 kg,Estonia,2022,27.49,,
ESTAT:APRI_AP_CRPOUTA$DEFAULTVIEW(1.0),15/05/25 11:00:00,Annual,National currency,Feed barley - prices per 100 kg,Estonia,2023,19.62,,
ESTAT:APRI_AP_CRPOUTA$DEFAULTVIEW(1.0),15/05/25 11:00:00,Annual,National currency,Feed barley - prices per 100 kg,Estonia,2024,17.13,,
ESTAT:APRI_AP_CRPOUTA$DEFAULTVIEW(1.0),15/05/25 11:00:00,Annual,National currency,Feed barley - prices per 100 kg,Greece,2015,16.39,,
ESTAT:APRI_AP_CRPOUTA$DEFAULTVIEW(1.0),15/05/25 11:00:00,Annual,National currency,Feed barley - prices per 100 kg,Greece,2016,15.87,,
ESTAT:APRI_AP_CRPOUTA$DEFAULTVIEW(1.0),15/05/25 11:00:00,Annual,National currency,Feed barley - prices per 100 kg,Greece,2017,15.52,,
ESTAT:APRI_AP_CRPOUTA$DEFAULTVIEW(1.0),15/05/25 11:00:00,Annual,National currency,Feed barley - prices per 100 kg,Greece,2018,15.29,,
ESTAT:APRI_AP_CRPOUTA$DEFAULTVIEW(1.0),15/05/25 11:00:00,Annual,National currency,Feed barley - prices per 100 kg,Greece,2019,15.89,,
ESTAT:APRI_AP_CRPOUTA$DEFAULTVIEW(1.0),15/05/25 11:00:00,Annual,National currency,Feed barley - prices per 100 kg,Greece,2020,15.29,,
ESTAT:APRI_AP_CRPOUTA$DEFAULTVIEW(1.0),15/05/25 11:00:00,Annual,National currency,Feed barley - prices per 100 kg,Greece,2021,18.87,,
ESTAT:APRI_AP_CRPOUTA$DEFAULTVIEW(1.0),15/05/25 11:00:00,Annual,National currency,Feed barley - prices per 100 kg,Greece,2022,29.91,,
ESTAT:APRI_AP_CRPOUTA$DEFAULTVIEW(1.0),15/05/25 11:00:00,Annual,National currency,Feed barley - prices per 100 kg,Greece,2023,18.77,,
ESTAT:APRI_AP_CRPOUTA$DEFAULTVIEW(1.0),15/05/25 11:00:00,Annual,National currency,Feed barley - prices per 100 kg,Greece,2024,18.29,,
ESTAT:APRI_AP_CRPOUTA$DEFAULTVIEW(1.0),15/05/25 11:00:00,Annual,National currency,Feed barley - prices per 100 kg,Spain,2015,17.07,,
ESTAT:APRI_AP_CRPOUTA$DEFAULTVIEW(1.0),15/05/25 11:00:00,Annual,National currency,Feed barley - prices per 100 kg,Spain,2016,14.60,,
ESTAT:APRI_AP_CRPOUTA$DEFAULTVIEW(1.0),15/05/25 11:00:00,Annual,National currency,Feed barley - prices per 100 kg,Spain,2017,16.15,,
ESTAT:APRI_AP_CRPOUTA$DEFAULTVIEW(1.0),15/05/25 11:00:00,Annual,National currency,Feed barley - prices per 100 kg,Spain,2018,16.56,,
ESTAT:APRI_AP_CRPOUTA$DEFAULTVIEW(1.0),15/05/25 11:00:00,Annual,National currency,Feed barley - prices per 100 kg,Spain,2019,16.90,,
ESTAT:APRI_AP_CRPOUTA$DEFAULTVIEW(1.0),15/05/25 11:00:00,Annual,National currency,Feed barley - prices per 100 kg,Spain,2020,15.44,,
ESTAT:APRI_AP_CRPOUTA$DEFAULTVIEW(1.0),15/05/25 11:00:00,Annual,National currency,Feed barley - prices per 100 kg,Spain,2021,21.23,,
ESTAT:APRI_AP_CRPOUTA$DEFAULTVIEW(1.0),15/05/25 11:00:00,Annual,National currency,Feed barley - prices per 100 kg,Spain,2022,31.42,,
ESTAT:APRI_AP_CRPOUTA$DEFAULTVIEW(1.0),15/05/25 11:00:00,Annual,National currency,Feed barley - prices per 100 kg,Spain,2023,23.87,,
ESTAT:APRI_AP_CRPOUTA$DEFAULTVIEW(1.0),15/05/25 11:00:00,Annual,National currency,Feed barley - prices per 100 kg,Spain,2024,18.81,,
ESTAT:APRI_AP_CRPOUTA$DEFAULTVIEW(1.0),15/05/25 11:00:00,Annual,National currency,Feed barley - prices per 100 kg,Finland,2015,13.61,,
ESTAT:APRI_AP_CRPOUTA$DEFAULTVIEW(1.0),15/05/25 11:00:00,Annual,National currency,Feed barley - prices per 100 kg,Finland,2016,12.36,,
ESTAT:APRI_AP_CRPOUTA$DEFAULTVIEW(1.0),15/05/25 11:00:00,Annual,National currency,Feed barley - prices per 100 kg,Finland,2017,12.93,,
ESTAT:APRI_AP_CRPOUTA$DEFAULTVIEW(1.0),15/05/25 11:00:00,Annual,National currency,Feed barley - prices per 100 kg,Finland,2018,17.09,,
ESTAT:APRI_AP_CRPOUTA$DEFAULTVIEW(1.0),15/05/25 11:00:00,Annual,National currency,Feed barley - prices per 100 kg,Finland,2019,15.54,,
ESTAT:APRI_AP_CRPOUTA$DEFAULTVIEW(1.0),15/05/25 11:00:00,Annual,National currency,Feed barley - prices per 100 kg,Finland,2020,13.93,,
ESTAT:APRI_AP_CRPOUTA$DEFAULTVIEW(1.0),15/05/25 11:00:00,Annual,National currency,Feed barley - prices per 100 kg,Finland,2021,18.93,,
ESTAT:APRI_AP_CRPOUTA$DEFAULTVIEW(1.0),15/05/25 11:00:00,Annual,National currency,Feed barley - prices per 100 kg,Finland,2022,30.74,,
ESTAT:APRI_AP_CRPOUTA$DEFAULTVIEW(1.0),15/05/25 11:00:00,Annual,National currency,Feed barley - prices per 100 kg,Finland,2023,22.49,,
ESTAT:APRI_AP_CRPOUTA$DEFAULTVIEW(1.0),15/05/25 11:00:00,Annual,National currency,Feed barley - prices per 100 kg,Finland,2024,18.65,,
ESTAT:APRI_AP_CRPOUTA$DEFAULTVIEW(1.0),15/05/25 11:00:00,Annual,National currency,Feed barley - prices per 100 kg,France,2015,22.80,,
ESTAT:APRI_AP_CRPOUTA$DEFAULTVIEW(1.0),15/05/25 11:00:00,Annual,National currency,Feed barley - prices per 100 kg,France,2016,18.70,,
ESTAT:APRI_AP_CRPOUTA$DEFAULTVIEW(1.0),15/05/25 11:00:00,Annual,National currency,Feed barley - prices per 100 kg,Croatia,2015,105.27,,
ESTAT:APRI_AP_CRPOUTA$DEFAULTVIEW(1.0),15/05/25 11:00:00,Annual,National currency,Feed barley - prices per 100 kg,Croatia,2016,95.69,,
ESTAT:APRI_AP_CRPOUTA$DEFAULTVIEW(1.0),15/05/25 11:00:00,Annual,National currency,Feed barley - prices per 100 kg,Croatia,2017,87.02,,
ESTAT:APRI_AP_CRPOUTA$DEFAULTVIEW(1.0),15/05/25 11:00:00,Annual,National currency,Feed barley - prices per 100 kg,Croatia,2018,98.00,,
ESTAT:APRI_AP_CRPOUTA$DEFAULTVIEW(1.0),15/05/25 11:00:00,Annual,National currency,Feed barley - prices per 100 kg,Croatia,2019,100.94,,
ESTAT:APRI_AP_CRPOUTA$DEFAULTVIEW(1.0),15/05/25 11:00:00,Annual,National currency,Feed barley - prices per 100 kg,Croatia,2020,91.29,,
ESTAT:APRI_AP_CRPOUTA$DEFAULTVIEW(1.0),15/05/25 11:00:00,Annual,National currency,Feed barley - prices per 100 kg,Croatia,2021,122.52,,
ESTAT:APRI_AP_CRPOUTA$DEFAULTVIEW(1.0),15/05/25 11:00:00,Annual,National currency,Feed barley - prices per 100 kg,Croatia,2022,27.76,,
ESTAT:APRI_AP_CRPOUTA$DEFAULTVIEW(1.0),15/05/25 11:00:00,Annual,National currency,Feed barley - prices per 100 kg,Croatia,2023,14.58,,
ESTAT:APRI_AP_CRPOUTA$DEFAULTVIEW(1.0),15/05/25 11:00:00,Annual,National currency,Feed barley - prices per 100 kg,Croatia,2024,15.47,,
ESTAT:APRI_AP_CRPOUTA$DEFAULTVIEW(1.0),15/05/25 11:00:00,Annual,National currency,Feed barley - prices per 100 kg,Hungary,2015,4135.00,,
ESTAT:APRI_AP_CRPOUTA$DEFAULTVIEW(1.0),15/05/25 11:00:00,Annual,National currency,Feed barley - prices per 100 kg,Hungary,2016,3662.00,,
ESTAT:APRI_AP_CRPOUTA$DEFAULTVIEW(1.0),15/05/25 11:00:00,Annual,National currency,Feed barley - prices per 100 kg,Hungary,2018,4306.00,,
ESTAT:APRI_AP_CRPOUTA$DEFAULTVIEW(1.0),15/05/25 11:00:00,Annual,National currency,Feed barley - prices per 100 kg,Hungary,2019,4408.00,,
ESTAT:APRI_AP_CRPOUTA$DEFAULTVIEW(1.0),15/05/25 11:00:00,Annual,National currency,Feed barley - prices per 100 kg,Hungary,2020,4451.00,,
ESTAT:APRI_AP_CRPOUTA$DEFAULTVIEW(1.0),15/05/25 11:00:00,Annual,National currency,Feed barley - prices per 100 kg,Hungary,2021,5895.00,,
ESTAT:APRI_AP_CRPOUTA$DEFAULTVIEW(1.0),15/05/25 11:00:00,Annual,National currency,Feed barley - prices per 100 kg,Hungary,2022,10712.00,,
ESTAT:APRI_AP_CRPOUTA$DEFAULTVIEW(1.0),15/05/25 11:00:00,Annual,National currency,Feed barley - prices per 100 kg,Hungary,2023,5772.00,,
ESTAT:APRI_AP_CRPOUTA$DEFAULTVIEW(1.0),15/05/25 11:00:00,Annual,National currency,Feed barley - prices per 100 kg,Hungary,2024,5613.00,,
ESTAT:APRI_AP_CRPOUTA$DEFAULTVIEW(1.0),15/05/25 11:00:00,Annual,National currency,Feed barley - prices per 100 kg,Ireland,2015,,,C
ESTAT:APRI_AP_CRPOUTA$DEFAULTVIEW(1.0),15/05/25 11:00:00,Annual,National currency,Feed barley - prices per 100 kg,Ireland,2016,,,C
ESTAT:APRI_AP_CRPOUTA$DEFAULTVIEW(1.0),15/05/25 11:00:00,Annual,National currency,Feed barley - prices per 100 kg,Ireland,2017,,,C
ESTAT:APRI_AP_CRPOUTA$DEFAULTVIEW(1.0),15/05/25 11:00:00,Annual,National currency,Feed barley - prices per 100 kg,Ireland,2018,,,C
ESTAT:APRI_AP_CRPOUTA$DEFAULTVIEW(1.0),15/05/25 11:00:00,Annual,National currency,Feed barley - prices per 100 kg,Ireland,2019,,,C
ESTAT:APRI_AP_CRPOUTA$DEFAULTVIEW(1.0),15/05/25 11:00:00,Annual,National currency,Feed barley - prices per 100 kg,Ireland,2020,,,C
ESTAT:APRI_AP_CRPOUTA$DEFAULTVIEW(1.0),15/05/25 11:00:00,Annual,National currency,Feed barley - prices per 100 kg,Ireland,2021,,,C
ESTAT:APRI_AP_CRPOUTA$DEFAULTVIEW(1.0),15/05/25 11:00:00,Annual,National currency,Feed barley - prices per 100 kg,Ireland,2022,,,C
ESTAT:APRI_AP_CRPOUTA$DEFAULTVIEW(1.0),15/05/25 11:00:00,Annual,National currency,Feed barley - prices per 100 kg,Ireland,2023,,,C
ESTAT:APRI_AP_CRPOUTA$DEFAULTVIEW(1.0),15/05/25 11:00:00,Annual,National currency,Feed barley - prices per 100 kg,Ireland,2024,20.37,,
ESTAT:APRI_AP_CRPOUTA$DEFAULTVIEW(1.0),15/05/25 11:00:00,Annual,National currency,Feed barley - prices per 100 kg,Lithuania,2015,13.72,,
ESTAT:APRI_AP_CRPOUTA$DEFAULTVIEW(1.0),15/05/25 11:00:00,Annual,National currency,Feed barley - prices per 100 kg,Lithuania,2016,11.50,,
ESTAT:APRI_AP_CRPOUTA$DEFAULTVIEW(1.0),15/05/25 11:00:00,Annual,National currency,Feed barley - prices per 100 kg,Lithuania,2017,12.92,,
ESTAT:APRI_AP_CRPOUTA$DEFAULTVIEW(1.0),15/05/25 11:00:00,Annual,National currency,Feed barley - prices per 100 kg,Lithuania,2018,16.07,,
ESTAT:APRI_AP_CRPOUTA$DEFAULTVIEW(1.0),15/05/25 11:00:00,Annual,National currency,Feed barley - prices per 100 kg,Lithuania,2019,13.90,,
ESTAT:APRI_AP_CRPOUTA$DEFAULTVIEW(1.0),15/05/25 11:00:00,Annual,National currency,Feed barley - prices per 100 kg,Lithuania,2020,13.83,,
ESTAT:APRI_AP_CRPOUTA$DEFAULTVIEW(1.0),15/05/25 11:00:00,Annual,National currency,Feed barley - prices per 100 kg,Lithuania,2021,17.69,,
ESTAT:APRI_AP_CRPOUTA$DEFAULTVIEW(1.0),15/05/25 11:00:00,Annual,National currency,Feed barley - prices per 100 kg,Lithuania,2022,27.46,,
ESTAT:APRI_AP_CRPOUTA$DEFAULTVIEW(1.0),15/05/25 11:00:00,Annual,National currency,Feed barley - prices per 100 kg,Lithuania,2023,17.73,,
ESTAT:APRI_AP_CRPOUTA$DEFAULTVIEW(1.0),15/05/25 11:00:00,Annual,National currency,Feed barley - prices per 100 kg,Lithuania,2024,15.05,,
ESTAT:APRI_AP_CRPOUTA$DEFAULTVIEW(1.0),15/05/25 11:00:00,Annual,National currency,Feed barley - prices per 100 kg,Luxembourg,2015,14.17,,
ESTAT:APRI_AP_CRPOUTA$DEFAULTVIEW(1.0),15/05/25 11:00:00,Annual,National currency,Feed barley - prices per 100 kg,Luxembourg,2016,11.26,,
ESTAT:APRI_AP_CRPOUTA$DEFAULTVIEW(1.0),15/05/25 11:00:00,Annual,National currency,Feed barley - prices per 100 kg,Luxembourg,2017,12.53,,
ESTAT:APRI_AP_CRPOUTA$DEFAULTVIEW(1.0),15/05/25 11:00:00,Annual,National currency,Feed barley - prices per 100 kg,Luxembourg,2018,15.17,,
ESTAT:APRI_AP_CRPOUTA$DEFAULTVIEW(1.0),15/05/25 11:00:00,Annual,National currency,Feed barley - prices per 100 kg,Luxembourg,2019,13.31,,
ESTAT:APRI_AP_CRPOUTA$DEFAULTVIEW(1.0),15/05/25 11:00:00,Annual,National currency,Feed barley - prices per 100 kg,Luxembourg,2020,14.19,,
ESTAT:APRI_AP_CRPOUTA$DEFAULTVIEW(1.0),15/05/25 11:00:00,Annual,National currency,Feed barley - prices per 100 kg,Luxembourg,2021,,,C
ESTAT:APRI_AP_CRPOUTA$DEFAULTVIEW(1.0),15/05/25 11:00:00,Annual,National currency,Feed barley - prices per 100 kg,Luxembourg,2022,,,C
ESTAT:APRI_AP_CRPOUTA$DEFAULTVIEW(1.0),15/05/25 11:00:00,Annual,National currency,Feed barley - prices per 100 kg,Luxembourg,2023,,,C
ESTAT:APRI_AP_CRPOUTA$DEFAULTVIEW(1.0),15/05/25 11:00:00,Annual,National currency,Feed barley - prices per 100 kg,Luxembourg,2024,,,C
ESTAT:APRI_AP_CRPOUTA$DEFAULTVIEW(1.0),15/05/25 11:00:00,Annual,National currency,Feed barley - prices per 100 kg,Latvia,2015,13.24,,
ESTAT:APRI_AP_CRPOUTA$DEFAULTVIEW(1.0),15/05/25 11:00:00,Annual,National currency,Feed barley - prices per 100 kg,Latvia,2016,12.08,,
ESTAT:APRI_AP_CRPOUTA$DEFAULTVIEW(1.0),15/05/25 11:00:00,Annual,National currency,Feed barley - prices per 100 kg,Latvia,2017,12.61,,
ESTAT:APRI_AP_CRPOUTA$DEFAULTVIEW(1.0),15/05/25 11:00:00,Annual,National currency,Feed barley - prices per 100 kg,Latvia,2018,16.04,,
ESTAT:APRI_AP_CRPOUTA$DEFAULTVIEW(1.0),15/05/25 11:00:00,Annual,National currency,Feed barley - prices per 100 kg,Latvia,2019,13.88,,
ESTAT:APRI_AP_CRPOUTA$DEFAULTVIEW(1.0),15/05/25 11:00:00,Annual,National currency,Feed barley - prices per 100 kg,Latvia,2020,14.19,,
ESTAT:APRI_AP_CRPOUTA$DEFAULTVIEW(1.0),15/05/25 11:00:00,Annual,National currency,Feed barley - prices per 100 kg,Latvia,2021,18.40,,
ESTAT:APRI_AP_CRPOUTA$DEFAULTVIEW(1.0),15/05/25 11:00:00,Annual,National currency,Feed barley - prices per 100 kg,Latvia,2022,27.12,,
ESTAT:APRI_AP_CRPOUTA$DEFAULTVIEW(1.0),15/05/25 11:00:00,Annual,National currency,Feed barley - prices per 100 kg,Latvia,2023,17.83,,
ESTAT:APRI_AP_CRPOUTA$DEFAULTVIEW(1.0),15/05/25 11:00:00,Annual,National currency,Feed barley - prices per 100 kg,Latvia,2024,14.79,,
ESTAT:APRI_AP_CRPOUTA$DEFAULTVIEW(1.0),15/05/25 11:00:00,Annual,National currency,Feed barley - prices per 100 kg,Netherlands,2015,15.15,,
ESTAT:APRI_AP_CRPOUTA$DEFAULTVIEW(1.0),15/05/25 11:00:00,Annual,National currency,Feed barley - prices per 100 kg,Netherlands,2016,13.35,,
ESTAT:APRI_AP_CRPOUTA$DEFAULTVIEW(1.0),15/05/25 11:00:00,Annual,National currency,Feed barley - prices per 100 kg,Netherlands,2017,14.15,,
ESTAT:APRI_AP_CRPOUTA$DEFAULTVIEW(1.0),15/05/25 11:00:00,Annual,National currency,Feed barley - prices per 100 kg,Netherlands,2018,19.15,,
ESTAT:APRI_AP_CRPOUTA$DEFAULTVIEW(1.0),15/05/25 11:00:00,Annual,National currency,Feed barley - prices per 100 kg,Netherlands,2019,15.25,,
ESTAT:APRI_AP_CRPOUTA$DEFAULTVIEW(1.0),15/05/25 11:00:00,Annual,National currency,Feed barley - prices per 100 kg,Netherlands,2020,16.50,,
ESTAT:APRI_AP_CRPOUTA$DEFAULTVIEW(1.0),15/05/25 11:00:00,Annual,National currency,Feed barley - prices per 100 kg,Netherlands,2021,22.90,,
ESTAT:APRI_AP_CRPOUTA$DEFAULTVIEW(1.0),15/05/25 11:00:00,Annual,National currency,Feed barley - prices per 100 kg,Netherlands,2022,29.00,,
ESTAT:APRI_AP_CRPOUTA$DEFAULTVIEW(1.0),15/05/25 11:00:00,Annual,National currency,Feed barley - prices per 100 kg,Netherlands,2023,20.35,,
ESTAT:APRI_AP_CRPOUTA$DEFAULTVIEW(1.0),15/05/25 11:00:00,Annual,National currency,Feed barley - prices per 100 kg,Netherlands,2024,18.50,,
ESTAT:APRI_AP_CRPOUTA$DEFAULTVIEW(1.0),15/05/25 11:00:00,Annual,National currency,Feed barley - prices per 100 kg,Poland,2015,57.00,,
ESTAT:APRI_AP_CRPOUTA$DEFAULTVIEW(1.0),15/05/25 11:00:00,Annual,National currency,Feed barley - prices per 100 kg,Poland,2016,53.60,,
ESTAT:APRI_AP_CRPOUTA$DEFAULTVIEW(1.0),15/05/25 11:00:00,Annual,National currency,Feed barley - prices per 100 kg,Poland,2017,58.74,,
ESTAT:APRI_AP_CRPOUTA$DEFAULTVIEW(1.0),15/05/25 11:00:00,Annual,National currency,Feed barley - prices per 100 kg,Poland,2018,66.97,,
ESTAT:APRI_AP_CRPOUTA$DEFAULTVIEW(1.0),15/05/25 11:00:00,Annual,National currency,Feed barley - prices per 100 kg,Poland,2019,66.26,p,
ESTAT:APRI_AP_CRPOUTA$DEFAULTVIEW(1.0),15/05/25 11:00:00,Annual,National currency,Feed barley - prices per 100 kg,Poland,2020,61.94,p,
ESTAT:APRI_AP_CRPOUTA$DEFAULTVIEW(1.0),15/05/25 11:00:00,Annual,National currency,Feed barley - prices per 100 kg,Poland,2021,78.53,p,
ESTAT:APRI_AP_CRPOUTA$DEFAULTVIEW(1.0),15/05/25 11:00:00,Annual,National currency,Feed barley - prices per 100 kg,Poland,2022,125.00,,
ESTAT:APRI_AP_CRPOUTA$DEFAULTVIEW(1.0),15/05/25 11:00:00,Annual,National currency,Feed barley - prices per 100 kg,Poland,2023,82.11,,
ESTAT:APRI_AP_CRPOUTA$DEFAULTVIEW(1.0),15/05/25 11:00:00,Annual,National currency,Feed barley - prices per 100 kg,Poland,2024,68.84,,
ESTAT:APRI_AP_CRPOUTA$DEFAULTVIEW(1.0),15/05/25 11:00:00,Annual,National currency,Feed barley - prices per 100 kg,Portugal,2015,18.00,,
ESTAT:APRI_AP_CRPOUTA$DEFAULTVIEW(1.0),15/05/25 11:00:00,Annual,National currency,Feed barley - prices per 100 kg,Portugal,2016,18.96,,
ESTAT:APRI_AP_CRPOUTA$DEFAULTVIEW(1.0),15/05/25 11:00:00,Annual,National currency,Feed barley - prices per 100 kg,Portugal,2017,16.50,,
ESTAT:APRI_AP_CRPOUTA$DEFAULTVIEW(1.0),15/05/25 11:00:00,Annual,National currency,Feed barley - prices per 100 kg,Portugal,2018,17.04,,
ESTAT:APRI_AP_CRPOUTA$DEFAULTVIEW(1.0),15/05/25 11:00:00,Annual,National currency,Feed barley - prices per 100 kg,Portugal,2019,17.00,,
ESTAT:APRI_AP_CRPOUTA$DEFAULTVIEW(1.0),15/05/25 11:00:00,Annual,National currency,Feed barley - prices per 100 kg,Portugal,2020,19.00,,
ESTAT:APRI_AP_CRPOUTA$DEFAULTVIEW(1.0),15/05/25 11:00:00,Annual,National currency,Feed barley - prices per 100 kg,Portugal,2021,22.30,,
ESTAT:APRI_AP_CRPOUTA$DEFAULTVIEW(1.0),15/05/25 11:00:00,Annual,National currency,Feed barley - prices per 100 kg,Portugal,2022,39.00,,
ESTAT:APRI_AP_CRPOUTA$DEFAULTVIEW(1.0),15/05/25 11:00:00,Annual,National currency,Feed barley - prices per 100 kg,Portugal,2023,26.25,,
ESTAT:APRI_AP_CRPOUTA$DEFAULTVIEW(1.0),15/05/25 11:00:00,Annual,National currency,Feed barley - prices per 100 kg,Portugal,2024,23.85,,
ESTAT:APRI_AP_CRPOUTA$DEFAULTVIEW(1.0),15/05/25 11:00:00,Annual,National currency,Feed barley - prices per 100 kg,Romania,2015,89.00,,
ESTAT:APRI_AP_CRPOUTA$DEFAULTVIEW(1.0),15/05/25 11:00:00,Annual,National currency,Feed barley - prices per 100 kg,Romania,2016,83.00,,
ESTAT:APRI_AP_CRPOUTA$DEFAULTVIEW(1.0),15/05/25 11:00:00,Annual,National currency,Feed barley - prices per 100 kg,Romania,2017,83.00,,
ESTAT:APRI_AP_CRPOUTA$DEFAULTVIEW(1.0),15/05/25 11:00:00,Annual,National currency,Feed barley - prices per 100 kg,Romania,2018,85.00,,
ESTAT:APRI_AP_CRPOUTA$DEFAULTVIEW(1.0),15/05/25 11:00:00,Annual,National currency,Feed barley - prices per 100 kg,Romania,2019,90.00,,
ESTAT:APRI_AP_CRPOUTA$DEFAULTVIEW(1.0),15/05/25 11:00:00,Annual,National currency,Feed barley - prices per 100 kg,Romania,2020,97.00,,
ESTAT:APRI_AP_CRPOUTA$DEFAULTVIEW(1.0),15/05/25 11:00:00,Annual,National currency,Feed barley - prices per 100 kg,Romania,2021,106.00,,
ESTAT:APRI_AP_CRPOUTA$DEFAULTVIEW(1.0),15/05/25 11:00:00,Annual,National currency,Feed barley - prices per 100 kg,Romania,2022,135.00,,
ESTAT:APRI_AP_CRPOUTA$DEFAULTVIEW(1.0),15/05/25 11:00:00,Annual,National currency,Feed barley - prices per 100 kg,Romania,2023,109.00,,
ESTAT:APRI_AP_CRPOUTA$DEFAULTVIEW(1.0),15/05/25 11:00:00,Annual,National currency,Feed barley - prices per 100 kg,Romania,2024,80.00,,
ESTAT:APRI_AP_CRPOUTA$DEFAULTVIEW(1.0),15/05/25 11:00:00,Annual,National currency,Feed barley - prices per 100 kg,Sweden,2015,115.00,,
ESTAT:APRI_AP_CRPOUTA$DEFAULTVIEW(1.0),15/05/25 11:00:00,Annual,National currency,Feed barley - prices per 100 kg,Sweden,2016,108.70,,
ESTAT:APRI_AP_CRPOUTA$DEFAULTVIEW(1.0),15/05/25 11:00:00,Annual,National currency,Feed barley - prices per 100 kg,Sweden,2017,114.80,,
ESTAT:APRI_AP_CRPOUTA$DEFAULTVIEW(1.0),15/05/25 11:00:00,Annual,National currency,Feed barley - prices per 100 kg,Sweden,2018,177.40,,
ESTAT:APRI_AP_CRPOUTA$DEFAULTVIEW(1.0),15/05/25 11:00:00,Annual,National currency,Feed barley - prices per 100 kg,Sweden,2019,130.80,,
ESTAT:APRI_AP_CRPOUTA$DEFAULTVIEW(1.0),15/05/25 11:00:00,Annual,National currency,Feed barley - prices per 100 kg,Sweden,2020,136.50,,
ESTAT:APRI_AP_CRPOUTA$DEFAULTVIEW(1.0),15/05/25 11:00:00,Annual,National currency,Feed barley - prices per 100 kg,Sweden,2021,168.86,,
ESTAT:APRI_AP_CRPOUTA$DEFAULTVIEW(1.0),15/05/25 11:00:00,Annual,National currency,Feed barley - prices per 100 kg,Sweden,2022,280.84,,
ESTAT:APRI_AP_CRPOUTA$DEFAULTVIEW(1.0),15/05/25 11:00:00,Annual,National currency,Feed barley - prices per 100 kg,Sweden,2023,223.27,,
ESTAT:APRI_AP_CRPOUTA$DEFAULTVIEW(1.0),15/05/25 11:00:00,Annual,National currency,Feed barley - prices per 100 kg,Sweden,2024,183.95,,
ESTAT:APRI_AP_CRPOUTA$DEFAULTVIEW(1.0),15/05/25 11:00:00,Annual,National currency,Feed barley - prices per 100 kg,Slovenia,2015,13.38,,
ESTAT:APRI_AP_CRPOUTA$DEFAULTVIEW(1.0),15/05/25 11:00:00,Annual,National currency,Feed barley - prices per 100 kg,Slovenia,2016,13.30,,
ESTAT:APRI_AP_CRPOUTA$DEFAULTVIEW(1.0),15/05/25 11:00:00,Annual,National currency,Feed barley - prices per 100 kg,Slovenia,2017,12.88,,
ESTAT:APRI_AP_CRPOUTA$DEFAULTVIEW(1.0),15/05/25 11:00:00,Annual,National currency,Feed barley - prices per 100 kg,Slovenia,2018,14.24,,
ESTAT:APRI_AP_CRPOUTA$DEFAULTVIEW(1.0),15/05/25 11:00:00,Annual,National currency,Feed barley - prices per 100 kg,Slovenia,2019,13.72,,
ESTAT:APRI_AP_CRPOUTA$DEFAULTVIEW(1.0),15/05/25 11:00:00,Annual,National currency,Feed barley - prices per 100 kg,Slovenia,2020,12.54,,
ESTAT:APRI_AP_CRPOUTA$DEFAULTVIEW(1.0),15/05/25 11:00:00,Annual,National currency,Feed barley - prices per 100 kg,Slovenia,2021,16.83,,
ESTAT:APRI_AP_CRPOUTA$DEFAULTVIEW(1.0),15/05/25 11:00:00,Annual,National currency,Feed barley - prices per 100 kg,Slovenia,2022,27.83,,
ESTAT:APRI_AP_CRPOUTA$DEFAULTVIEW(1.0),15/05/25 11:00:00,Annual,National currency,Feed barley - prices per 100 kg,Slovenia,2023,15.09,,
ESTAT:APRI_AP_CRPOUTA$DEFAULTVIEW(1.0),15/05/25 11:00:00,Annual,National currency,Feed barley - prices per 100 kg,Slovenia,2024,15.16,,
ESTAT:APRI_AP_CRPOUTA$DEFAULTVIEW(1.0),15/05/25 11:00:00,Annual,National currency,Feed barley - prices per 100 kg,Slovakia,2015,12.61,,
ESTAT:APRI_AP_CRPOUTA$DEFAULTVIEW(1.0),15/05/25 11:00:00,Annual,National currency,Feed barley - prices per 100 kg,Slovakia,2016,11.27,,
ESTAT:APRI_AP_CRPOUTA$DEFAULTVIEW(1.0),15/05/25 11:00:00,Annual,National currency,Feed barley - prices per 100 kg,Slovakia,2017,12.09,,
ESTAT:APRI_AP_CRPOUTA$DEFAULTVIEW(1.0),15/05/25 11:00:00,Annual,National currency,Feed barley - prices per 100 kg,Slovakia,2018,13.40,,
ESTAT:APRI_AP_CRPOUTA$DEFAULTVIEW(1.0),15/05/25 11:00:00,Annual,National currency,Feed barley - prices per 100 kg,Slovakia,2019,13.52,,
ESTAT:APRI_AP_CRPOUTA$DEFAULTVIEW(1.0),15/05/25 11:00:00,Annual,National currency,Feed barley - prices per 100 kg,Slovakia,2020,12.42,,
ESTAT:APRI_AP_CRPOUTA$DEFAULTVIEW(1.0),15/05/25 11:00:00,Annual,National currency,Feed barley - prices per 100 kg,Slovakia,2021,15.51,,
ESTAT:APRI_AP_CRPOUTA$DEFAULTVIEW(1.0),15/05/25 11:00:00,Annual,National currency,Feed barley - prices per 100 kg,Slovakia,2022,24.43,,
ESTAT:APRI_AP_CRPOUTA$DEFAULTVIEW(1.0),15/05/25 11:00:00,Annual,National currency,Feed barley - prices per 100 kg,Slovakia,2023,16.64,,
ESTAT:APRI_AP_CRPOUTA$DEFAULTVIEW(1.0),15/05/25 11:00:00,Annual,National currency,Feed barley - prices per 100 kg,Slovakia,2024,17.89,,
ESTAT:APRI_AP_CRPOUTA$DEFAULTVIEW(1.0),15/05/25 11:00:00,Annual,National currency,Feed barley - prices per 100 kg,Kosovo*,2019,28.18,,
